"pridelek";"Regija";"leto";"Kolicina"
"Pšenica";"Pomurska";"2010";4,9
"Pšenica";"Pomurska";"2011";5,2
"Pšenica";"Pomurska";"2012";5,7
"Pšenica";"Pomurska";"2013";4,3
"Pšenica";"Pomurska";"2014";5,2
"Pšenica";"Pomurska";"2015";5
"Pšenica";"Pomurska";"2016";5,1
"Pšenica";"Pomurska";"2017";5,3
"Pšenica";"Pomurska";"2018";4,3
"Pšenica";"Pomurska";"2019";5,5
"Pšenica";"Podravska";"2010";5
"Pšenica";"Podravska";"2011";5,3
"Pšenica";"Podravska";"2012";5,5
"Pšenica";"Podravska";"2013";4,8
"Pšenica";"Podravska";"2014";5,7
"Pšenica";"Podravska";"2015";5,5
"Pšenica";"Podravska";"2016";5,7
"Pšenica";"Podravska";"2017";5,1
"Pšenica";"Podravska";"2018";4,6
"Pšenica";"Podravska";"2019";5
"Pšenica";"Koroška";"2010";3,5
"Pšenica";"Koroška";"2011";3,8
"Pšenica";"Koroška";"2012";3,8
"Pšenica";"Koroška";"2013";3,6
"Pšenica";"Koroška";"2014";3,8
"Pšenica";"Koroška";"2015";4,4
"Pšenica";"Koroška";"2016";4,2
"Pšenica";"Koroška";"2017";4,4
"Pšenica";"Koroška";"2018";4,3
"Pšenica";"Koroška";"2019";5,3
"Pšenica";"Savinjska";"2010";4,7
"Pšenica";"Savinjska";"2011";4,8
"Pšenica";"Savinjska";"2012";5
"Pšenica";"Savinjska";"2013";4,6
"Pšenica";"Savinjska";"2014";5,2
"Pšenica";"Savinjska";"2015";5,3
"Pšenica";"Savinjska";"2016";5
"Pšenica";"Savinjska";"2017";4,8
"Pšenica";"Savinjska";"2018";4
"Pšenica";"Savinjska";"2019";5,2
"Pšenica";"Zasavska";"2010";3,9
"Pšenica";"Zasavska";"2011";4,5
"Pšenica";"Zasavska";"2012";3,9
"Pšenica";"Zasavska";"2013";3,7
"Pšenica";"Zasavska";"2014";4,1
"Pšenica";"Zasavska";"2015";4,1
"Pšenica";"Zasavska";"2016";3,5
"Pšenica";"Zasavska";"2017";3,4
"Pšenica";"Zasavska";"2018";2,6
"Pšenica";"Zasavska";"2019";2,7
"Pšenica";"Posavska";"2010";4
"Pšenica";"Posavska";"2011";4,6
"Pšenica";"Posavska";"2012";4,9
"Pšenica";"Posavska";"2013";3,8
"Pšenica";"Posavska";"2014";4,7
"Pšenica";"Posavska";"2015";4,8
"Pšenica";"Posavska";"2016";4,6
"Pšenica";"Posavska";"2017";4,1
"Pšenica";"Posavska";"2018";4,3
"Pšenica";"Posavska";"2019";5
"Pšenica";"Jugovzhodna Slovenija";"2010";3,7
"Pšenica";"Jugovzhodna Slovenija";"2011";4,2
"Pšenica";"Jugovzhodna Slovenija";"2012";4,2
"Pšenica";"Jugovzhodna Slovenija";"2013";2,9
"Pšenica";"Jugovzhodna Slovenija";"2014";4,3
"Pšenica";"Jugovzhodna Slovenija";"2015";4,3
"Pšenica";"Jugovzhodna Slovenija";"2016";4,3
"Pšenica";"Jugovzhodna Slovenija";"2017";3,8
"Pšenica";"Jugovzhodna Slovenija";"2018";3,6
"Pšenica";"Jugovzhodna Slovenija";"2019";4,5
"Pšenica";"Osrednjeslovenska";"2010";4,2
"Pšenica";"Osrednjeslovenska";"2011";5
"Pšenica";"Osrednjeslovenska";"2012";4,6
"Pšenica";"Osrednjeslovenska";"2013";3,9
"Pšenica";"Osrednjeslovenska";"2014";4,3
"Pšenica";"Osrednjeslovenska";"2015";5
"Pšenica";"Osrednjeslovenska";"2016";5
"Pšenica";"Osrednjeslovenska";"2017";4,7
"Pšenica";"Osrednjeslovenska";"2018";4,5
"Pšenica";"Osrednjeslovenska";"2019";4,8
"Pšenica";"Gorenjska";"2010";5
"Pšenica";"Gorenjska";"2011";5
"Pšenica";"Gorenjska";"2012";5,5
"Pšenica";"Gorenjska";"2013";5,2
"Pšenica";"Gorenjska";"2014";5,6
"Pšenica";"Gorenjska";"2015";5,4
"Pšenica";"Gorenjska";"2016";5
"Pšenica";"Gorenjska";"2017";4,7
"Pšenica";"Gorenjska";"2018";4,4
"Pšenica";"Gorenjska";"2019";4,3
"Pšenica";"Primorsko-notranjska";"2010";4,1
"Pšenica";"Primorsko-notranjska";"2011";4,3
"Pšenica";"Primorsko-notranjska";"2012";3,9
"Pšenica";"Primorsko-notranjska";"2013";4,1
"Pšenica";"Primorsko-notranjska";"2014";4,6
"Pšenica";"Primorsko-notranjska";"2015";4,4
"Pšenica";"Primorsko-notranjska";"2016";4,5
"Pšenica";"Primorsko-notranjska";"2017";4,3
"Pšenica";"Primorsko-notranjska";"2018";4,2
"Pšenica";"Primorsko-notranjska";"2019";4,5
"Pšenica";"Goriška";"2010";4,3
"Pšenica";"Goriška";"2011";4,3
"Pšenica";"Goriška";"2012";3,5
"Pšenica";"Goriška";"2013";3,1
"Pšenica";"Goriška";"2014";4,4
"Pšenica";"Goriška";"2015";4,5
"Pšenica";"Goriška";"2016";4,8
"Pšenica";"Goriška";"2017";4,2
"Pšenica";"Goriška";"2018";5,2
"Pšenica";"Goriška";"2019";4
"Pšenica";"Obalno-kraška";"2010";3,2
"Pšenica";"Obalno-kraška";"2011";3,9
"Pšenica";"Obalno-kraška";"2012";3,8
"Pšenica";"Obalno-kraška";"2013";3,4
"Pšenica";"Obalno-kraška";"2014";3,9
"Pšenica";"Obalno-kraška";"2015";3,8
"Pšenica";"Obalno-kraška";"2016";3,6
"Pšenica";"Obalno-kraška";"2017";3
"Pšenica";"Obalno-kraška";"2018";3,7
"Pšenica";"Obalno-kraška";"2019";3,8
"Ječmen";"Pomurska";"2010";4,4
"Ječmen";"Pomurska";"2011";4,8
"Ječmen";"Pomurska";"2012";5,2
"Ječmen";"Pomurska";"2013";3,9
"Ječmen";"Pomurska";"2014";4,9
"Ječmen";"Pomurska";"2015";4,5
"Ječmen";"Pomurska";"2016";4,6
"Ječmen";"Pomurska";"2017";5,1
"Ječmen";"Pomurska";"2018";4,1
"Ječmen";"Pomurska";"2019";5,6
"Ječmen";"Podravska";"2010";4,6
"Ječmen";"Podravska";"2011";4,8
"Ječmen";"Podravska";"2012";4,9
"Ječmen";"Podravska";"2013";4,7
"Ječmen";"Podravska";"2014";5,2
"Ječmen";"Podravska";"2015";4,9
"Ječmen";"Podravska";"2016";5,3
"Ječmen";"Podravska";"2017";5,2
"Ječmen";"Podravska";"2018";4,5
"Ječmen";"Podravska";"2019";4,6
"Ječmen";"Koroška";"2010";3,1
"Ječmen";"Koroška";"2011";3,3
"Ječmen";"Koroška";"2012";3,3
"Ječmen";"Koroška";"2013";3,3
"Ječmen";"Koroška";"2014";3,6
"Ječmen";"Koroška";"2015";4
"Ječmen";"Koroška";"2016";4
"Ječmen";"Koroška";"2017";4,1
"Ječmen";"Koroška";"2018";4,1
"Ječmen";"Koroška";"2019";5
"Ječmen";"Savinjska";"2010";3,9
"Ječmen";"Savinjska";"2011";4,1
"Ječmen";"Savinjska";"2012";4
"Ječmen";"Savinjska";"2013";4,3
"Ječmen";"Savinjska";"2014";4,7
"Ječmen";"Savinjska";"2015";4,6
"Ječmen";"Savinjska";"2016";4,7
"Ječmen";"Savinjska";"2017";4,3
"Ječmen";"Savinjska";"2018";3,9
"Ječmen";"Savinjska";"2019";4,1
"Ječmen";"Zasavska";"2010";3,5
"Ječmen";"Zasavska";"2011";3,5
"Ječmen";"Zasavska";"2012";3
"Ječmen";"Zasavska";"2013";3,1
"Ječmen";"Zasavska";"2014";3,5
"Ječmen";"Zasavska";"2015";3,3
"Ječmen";"Zasavska";"2016";2,8
"Ječmen";"Zasavska";"2017";2,8
"Ječmen";"Zasavska";"2018";2,2
"Ječmen";"Zasavska";"2019";2,3
"Ječmen";"Posavska";"2010";3,9
"Ječmen";"Posavska";"2011";4,2
"Ječmen";"Posavska";"2012";4,5
"Ječmen";"Posavska";"2013";3,8
"Ječmen";"Posavska";"2014";4,5
"Ječmen";"Posavska";"2015";4,6
"Ječmen";"Posavska";"2016";4,6
"Ječmen";"Posavska";"2017";3,9
"Ječmen";"Posavska";"2018";4,2
"Ječmen";"Posavska";"2019";4,7
"Ječmen";"Jugovzhodna Slovenija";"2010";3,5
"Ječmen";"Jugovzhodna Slovenija";"2011";3,8
"Ječmen";"Jugovzhodna Slovenija";"2012";3,7
"Ječmen";"Jugovzhodna Slovenija";"2013";2,7
"Ječmen";"Jugovzhodna Slovenija";"2014";4
"Ječmen";"Jugovzhodna Slovenija";"2015";3,9
"Ječmen";"Jugovzhodna Slovenija";"2016";4,1
"Ječmen";"Jugovzhodna Slovenija";"2017";3,6
"Ječmen";"Jugovzhodna Slovenija";"2018";3,5
"Ječmen";"Jugovzhodna Slovenija";"2019";4
"Ječmen";"Osrednjeslovenska";"2010";4,4
"Ječmen";"Osrednjeslovenska";"2011";4,5
"Ječmen";"Osrednjeslovenska";"2012";4,5
"Ječmen";"Osrednjeslovenska";"2013";3,8
"Ječmen";"Osrednjeslovenska";"2014";4,6
"Ječmen";"Osrednjeslovenska";"2015";4,8
"Ječmen";"Osrednjeslovenska";"2016";4,9
"Ječmen";"Osrednjeslovenska";"2017";4,9
"Ječmen";"Osrednjeslovenska";"2018";4,3
"Ječmen";"Osrednjeslovenska";"2019";4,8
"Ječmen";"Gorenjska";"2010";4,7
"Ječmen";"Gorenjska";"2011";4,7
"Ječmen";"Gorenjska";"2012";4,9
"Ječmen";"Gorenjska";"2013";4,7
"Ječmen";"Gorenjska";"2014";5,9
"Ječmen";"Gorenjska";"2015";5,6
"Ječmen";"Gorenjska";"2016";5,3
"Ječmen";"Gorenjska";"2017";5,6
"Ječmen";"Gorenjska";"2018";4,6
"Ječmen";"Gorenjska";"2019";4,8
"Ječmen";"Primorsko-notranjska";"2010";4
"Ječmen";"Primorsko-notranjska";"2011";4,2
"Ječmen";"Primorsko-notranjska";"2012";3,9
"Ječmen";"Primorsko-notranjska";"2013";4,1
"Ječmen";"Primorsko-notranjska";"2014";4,2
"Ječmen";"Primorsko-notranjska";"2015";4,3
"Ječmen";"Primorsko-notranjska";"2016";4,3
"Ječmen";"Primorsko-notranjska";"2017";4,2
"Ječmen";"Primorsko-notranjska";"2018";4,4
"Ječmen";"Primorsko-notranjska";"2019";4,6
"Ječmen";"Goriška";"2010";3,7
"Ječmen";"Goriška";"2011";4,3
"Ječmen";"Goriška";"2012";3,6
"Ječmen";"Goriška";"2013";2,6
"Ječmen";"Goriška";"2014";3,6
"Ječmen";"Goriška";"2015";4,3
"Ječmen";"Goriška";"2016";4,2
"Ječmen";"Goriška";"2017";3,7
"Ječmen";"Goriška";"2018";4,4
"Ječmen";"Goriška";"2019";4,4
"Ječmen";"Obalno-kraška";"2010";2,9
"Ječmen";"Obalno-kraška";"2011";3,5
"Ječmen";"Obalno-kraška";"2012";3,1
"Ječmen";"Obalno-kraška";"2013";3,2
"Ječmen";"Obalno-kraška";"2014";3,6
"Ječmen";"Obalno-kraška";"2015";3,4
"Ječmen";"Obalno-kraška";"2016";3,2
"Ječmen";"Obalno-kraška";"2017";2,9
"Ječmen";"Obalno-kraška";"2018";3,4
"Ječmen";"Obalno-kraška";"2019";3,5
"Tritikala";"Pomurska";"2010";4
"Tritikala";"Pomurska";"2011";4,5
"Tritikala";"Pomurska";"2012";4,4
"Tritikala";"Pomurska";"2013";3
"Tritikala";"Pomurska";"2014";4,8
"Tritikala";"Pomurska";"2015";4,4
"Tritikala";"Pomurska";"2016";4,4
"Tritikala";"Pomurska";"2017";4,6
"Tritikala";"Pomurska";"2018";3,8
"Tritikala";"Pomurska";"2019";4,8
"Tritikala";"Podravska";"2010";4,2
"Tritikala";"Podravska";"2011";4,9
"Tritikala";"Podravska";"2012";4,7
"Tritikala";"Podravska";"2013";4,4
"Tritikala";"Podravska";"2014";5,1
"Tritikala";"Podravska";"2015";5
"Tritikala";"Podravska";"2016";5,1
"Tritikala";"Podravska";"2017";4,8
"Tritikala";"Podravska";"2018";4,7
"Tritikala";"Podravska";"2019";5,1
"Tritikala";"Koroška";"2010";3,2
"Tritikala";"Koroška";"2011";3,5
"Tritikala";"Koroška";"2012";3,5
"Tritikala";"Koroška";"2013";3,4
"Tritikala";"Koroška";"2014";3,6
"Tritikala";"Koroška";"2015";4,1
"Tritikala";"Koroška";"2016";4,3
"Tritikala";"Koroška";"2017";4,3
"Tritikala";"Koroška";"2018";4,2
"Tritikala";"Koroška";"2019";5
"Tritikala";"Savinjska";"2010";4,5
"Tritikala";"Savinjska";"2011";4,4
"Tritikala";"Savinjska";"2012";4,4
"Tritikala";"Savinjska";"2013";4,7
"Tritikala";"Savinjska";"2014";5,1
"Tritikala";"Savinjska";"2015";5,2
"Tritikala";"Savinjska";"2016";5,1
"Tritikala";"Savinjska";"2017";4,6
"Tritikala";"Savinjska";"2018";3,8
"Tritikala";"Savinjska";"2019";4,5
"Tritikala";"Zasavska";"2010";3,5
"Tritikala";"Zasavska";"2011";3,5
"Tritikala";"Zasavska";"2012";3,5
"Tritikala";"Zasavska";"2013";3,5
"Tritikala";"Zasavska";"2014";4
"Tritikala";"Zasavska";"2015";3,5
"Tritikala";"Zasavska";"2016";3,5
"Tritikala";"Zasavska";"2017";3,4
"Tritikala";"Zasavska";"2018";4,2
"Tritikala";"Zasavska";"2019";4,7
"Tritikala";"Posavska";"2010";3,7
"Tritikala";"Posavska";"2011";4
"Tritikala";"Posavska";"2012";4,5
"Tritikala";"Posavska";"2013";3,8
"Tritikala";"Posavska";"2014";4,5
"Tritikala";"Posavska";"2015";4,5
"Tritikala";"Posavska";"2016";4,6
"Tritikala";"Posavska";"2017";3,9
"Tritikala";"Posavska";"2018";4,4
"Tritikala";"Posavska";"2019";4,5
"Tritikala";"Jugovzhodna Slovenija";"2010";3,4
"Tritikala";"Jugovzhodna Slovenija";"2011";3,9
"Tritikala";"Jugovzhodna Slovenija";"2012";3,8
"Tritikala";"Jugovzhodna Slovenija";"2013";2,8
"Tritikala";"Jugovzhodna Slovenija";"2014";4
"Tritikala";"Jugovzhodna Slovenija";"2015";4,4
"Tritikala";"Jugovzhodna Slovenija";"2016";4,3
"Tritikala";"Jugovzhodna Slovenija";"2017";3,9
"Tritikala";"Jugovzhodna Slovenija";"2018";3,9
"Tritikala";"Jugovzhodna Slovenija";"2019";4,1
"Tritikala";"Osrednjeslovenska";"2010";4,5
"Tritikala";"Osrednjeslovenska";"2011";4,3
"Tritikala";"Osrednjeslovenska";"2012";4,5
"Tritikala";"Osrednjeslovenska";"2013";3,9
"Tritikala";"Osrednjeslovenska";"2014";4,8
"Tritikala";"Osrednjeslovenska";"2015";4,7
"Tritikala";"Osrednjeslovenska";"2016";4,8
"Tritikala";"Osrednjeslovenska";"2017";4,9
"Tritikala";"Osrednjeslovenska";"2018";4,1
"Tritikala";"Osrednjeslovenska";"2019";4,2
"Tritikala";"Gorenjska";"2010";4
"Tritikala";"Gorenjska";"2011";4
"Tritikala";"Gorenjska";"2012";4,5
"Tritikala";"Gorenjska";"2013";4,7
"Tritikala";"Gorenjska";"2014";5,1
"Tritikala";"Gorenjska";"2015";5,7
"Tritikala";"Gorenjska";"2016";5,1
"Tritikala";"Gorenjska";"2017";5,4
"Tritikala";"Gorenjska";"2018";5,3
"Tritikala";"Gorenjska";"2019";5
"Tritikala";"Primorsko-notranjska";"2010";3,8
"Tritikala";"Primorsko-notranjska";"2011";4,1
"Tritikala";"Primorsko-notranjska";"2012";3,3
"Tritikala";"Primorsko-notranjska";"2013";4,1
"Tritikala";"Primorsko-notranjska";"2014";4,4
"Tritikala";"Primorsko-notranjska";"2015";4,3
"Tritikala";"Primorsko-notranjska";"2016";4,3
"Tritikala";"Primorsko-notranjska";"2017";4
"Tritikala";"Primorsko-notranjska";"2018";4,1
"Tritikala";"Primorsko-notranjska";"2019";4,6
"Tritikala";"Goriška";"2010";4,2
"Tritikala";"Goriška";"2011";4,3
"Tritikala";"Goriška";"2012";3,3
"Tritikala";"Goriška";"2013";2,9
"Tritikala";"Goriška";"2014";3,7
"Tritikala";"Goriška";"2015";4,3
"Tritikala";"Goriška";"2016";3,8
"Tritikala";"Goriška";"2017";3,4
"Tritikala";"Goriška";"2018";4,4
"Tritikala";"Goriška";"2019";4,1
"Tritikala";"Obalno-kraška";"2010";3,3
"Tritikala";"Obalno-kraška";"2011";4,7
"Tritikala";"Obalno-kraška";"2012";3,4
"Tritikala";"Obalno-kraška";"2013";3,6
"Tritikala";"Obalno-kraška";"2014";4,1
"Tritikala";"Obalno-kraška";"2015";4
"Tritikala";"Obalno-kraška";"2016";4
"Tritikala";"Obalno-kraška";"2017";3,2
"Tritikala";"Obalno-kraška";"2018";3,8
"Tritikala";"Obalno-kraška";"2019";4,1
"Oves";"Pomurska";"2010";2,8
"Oves";"Pomurska";"2011";3,2
"Oves";"Pomurska";"2012";3,3
"Oves";"Pomurska";"2013";2,4
"Oves";"Pomurska";"2014";3,3
"Oves";"Pomurska";"2015";3,3
"Oves";"Pomurska";"2016";3,1
"Oves";"Pomurska";"2017";3,4
"Oves";"Pomurska";"2018";2,5
"Oves";"Pomurska";"2019";3,7
"Oves";"Podravska";"2010";3
"Oves";"Podravska";"2011";3,4
"Oves";"Podravska";"2012";3,5
"Oves";"Podravska";"2013";3,1
"Oves";"Podravska";"2014";3,6
"Oves";"Podravska";"2015";3,8
"Oves";"Podravska";"2016";3,8
"Oves";"Podravska";"2017";3,4
"Oves";"Podravska";"2018";3,4
"Oves";"Podravska";"2019";3,6
"Oves";"Koroška";"2010";2,2
"Oves";"Koroška";"2011";2,4
"Oves";"Koroška";"2012";2,3
"Oves";"Koroška";"2013";2,3
"Oves";"Koroška";"2014";2,4
"Oves";"Koroška";"2015";2,8
"Oves";"Koroška";"2016";2,8
"Oves";"Koroška";"2017";2,8
"Oves";"Koroška";"2018";2,7
"Oves";"Koroška";"2019";2,9
"Oves";"Savinjska";"2010";3,1
"Oves";"Savinjska";"2011";3,1
"Oves";"Savinjska";"2012";3,1
"Oves";"Savinjska";"2013";2,7
"Oves";"Savinjska";"2014";3,1
"Oves";"Savinjska";"2015";3,3
"Oves";"Savinjska";"2016";3
"Oves";"Savinjska";"2017";3,1
"Oves";"Savinjska";"2018";2,4
"Oves";"Savinjska";"2019";2,9
"Oves";"Zasavska";"2010";2,9
"Oves";"Zasavska";"2011";3,2
"Oves";"Zasavska";"2012";3,2
"Oves";"Zasavska";"2013";2,6
"Oves";"Zasavska";"2014";3,3
"Oves";"Zasavska";"2015";2,6
"Oves";"Zasavska";"2016";2,5
"Oves";"Zasavska";"2017";2,5
"Oves";"Zasavska";"2018";2
"Oves";"Zasavska";"2019";2
"Oves";"Posavska";"2010";3
"Oves";"Posavska";"2011";3,1
"Oves";"Posavska";"2012";3,2
"Oves";"Posavska";"2013";2,9
"Oves";"Posavska";"2014";3,6
"Oves";"Posavska";"2015";3,6
"Oves";"Posavska";"2016";3,4
"Oves";"Posavska";"2017";2,9
"Oves";"Posavska";"2018";2,8
"Oves";"Posavska";"2019";3,1
"Oves";"Jugovzhodna Slovenija";"2010";2,4
"Oves";"Jugovzhodna Slovenija";"2011";2,9
"Oves";"Jugovzhodna Slovenija";"2012";2,7
"Oves";"Jugovzhodna Slovenija";"2013";1,9
"Oves";"Jugovzhodna Slovenija";"2014";2,8
"Oves";"Jugovzhodna Slovenija";"2015";2,8
"Oves";"Jugovzhodna Slovenija";"2016";2,6
"Oves";"Jugovzhodna Slovenija";"2017";2,4
"Oves";"Jugovzhodna Slovenija";"2018";2,3
"Oves";"Jugovzhodna Slovenija";"2019";2,3
"Oves";"Osrednjeslovenska";"2010";3,3
"Oves";"Osrednjeslovenska";"2011";3
"Oves";"Osrednjeslovenska";"2012";3,1
"Oves";"Osrednjeslovenska";"2013";2,9
"Oves";"Osrednjeslovenska";"2014";3,5
"Oves";"Osrednjeslovenska";"2015";3,4
"Oves";"Osrednjeslovenska";"2016";3,5
"Oves";"Osrednjeslovenska";"2017";3,5
"Oves";"Osrednjeslovenska";"2018";3
"Oves";"Osrednjeslovenska";"2019";2,9
"Oves";"Gorenjska";"2010";4,1
"Oves";"Gorenjska";"2011";3,9
"Oves";"Gorenjska";"2012";3,9
"Oves";"Gorenjska";"2013";2,9
"Oves";"Gorenjska";"2014";3,5
"Oves";"Gorenjska";"2015";3,6
"Oves";"Gorenjska";"2016";3,6
"Oves";"Gorenjska";"2017";3
"Oves";"Gorenjska";"2018";3
"Oves";"Gorenjska";"2019";3,2
"Oves";"Primorsko-notranjska";"2010";2,7
"Oves";"Primorsko-notranjska";"2011";3,4
"Oves";"Primorsko-notranjska";"2012";3,2
"Oves";"Primorsko-notranjska";"2013";3,3
"Oves";"Primorsko-notranjska";"2014";3,3
"Oves";"Primorsko-notranjska";"2015";3,3
"Oves";"Primorsko-notranjska";"2016";3,2
"Oves";"Primorsko-notranjska";"2017";3
"Oves";"Primorsko-notranjska";"2018";3,2
"Oves";"Primorsko-notranjska";"2019";3
"Oves";"Goriška";"2010";2,7
"Oves";"Goriška";"2011";2,9
"Oves";"Goriška";"2012";2,7
"Oves";"Goriška";"2013";2,1
"Oves";"Goriška";"2014";2,5
"Oves";"Goriška";"2015";2,8
"Oves";"Goriška";"2016";3,6
"Oves";"Goriška";"2017";2,9
"Oves";"Goriška";"2018";3,2
"Oves";"Goriška";"2019";2,8
"Oves";"Obalno-kraška";"2010";2,2
"Oves";"Obalno-kraška";"2011";2,6
"Oves";"Obalno-kraška";"2012";2,1
"Oves";"Obalno-kraška";"2013";2,7
"Oves";"Obalno-kraška";"2014";2,6
"Oves";"Obalno-kraška";"2015";2,7
"Oves";"Obalno-kraška";"2016";2,7
"Oves";"Obalno-kraška";"2017";2,3
"Oves";"Obalno-kraška";"2018";2,5
"Oves";"Obalno-kraška";"2019";2,8
"Rž";"Pomurska";"2010";3
"Rž";"Pomurska";"2011";3,3
"Rž";"Pomurska";"2012";3,4
"Rž";"Pomurska";"2013";2,9
"Rž";"Pomurska";"2014";3,7
"Rž";"Pomurska";"2015";3,6
"Rž";"Pomurska";"2016";3,7
"Rž";"Pomurska";"2017";4
"Rž";"Pomurska";"2018";3,1
"Rž";"Pomurska";"2019";4
"Rž";"Podravska";"2010";3,9
"Rž";"Podravska";"2011";4,3
"Rž";"Podravska";"2012";4,6
"Rž";"Podravska";"2013";4,1
"Rž";"Podravska";"2014";4,9
"Rž";"Podravska";"2015";4,1
"Rž";"Podravska";"2016";5,2
"Rž";"Podravska";"2017";4,4
"Rž";"Podravska";"2018";4,6
"Rž";"Podravska";"2019";4,2
"Rž";"Koroška";"2010";2,9
"Rž";"Koroška";"2011";3,1
"Rž";"Koroška";"2012";3
"Rž";"Koroška";"2013";2,9
"Rž";"Koroška";"2014";2,9
"Rž";"Koroška";"2015";3,4
"Rž";"Koroška";"2016";3,3
"Rž";"Koroška";"2017";3,4
"Rž";"Koroška";"2018";3
"Rž";"Koroška";"2019";4
"Rž";"Savinjska";"2010";3,2
"Rž";"Savinjska";"2011";3,2
"Rž";"Savinjska";"2012";3,2
"Rž";"Savinjska";"2013";3,4
"Rž";"Savinjska";"2014";3,8
"Rž";"Savinjska";"2015";4,1
"Rž";"Savinjska";"2016";3,2
"Rž";"Savinjska";"2017";3,8
"Rž";"Savinjska";"2018";3
"Rž";"Savinjska";"2019";3,2
"Rž";"Zasavska";"2013";3,1
"Rž";"Zasavska";"2018";3,4
"Rž";"Zasavska";"2019";3,8
"Rž";"Posavska";"2010";2,8
"Rž";"Posavska";"2011";3,1
"Rž";"Posavska";"2012";3
"Rž";"Posavska";"2013";2,6
"Rž";"Posavska";"2014";2,7
"Rž";"Posavska";"2015";3,7
"Rž";"Posavska";"2016";2,8
"Rž";"Posavska";"2017";2,3
"Rž";"Posavska";"2018";2,5
"Rž";"Posavska";"2019";3,4
"Rž";"Jugovzhodna Slovenija";"2010";3,7
"Rž";"Jugovzhodna Slovenija";"2011";2,8
"Rž";"Jugovzhodna Slovenija";"2012";3,9
"Rž";"Jugovzhodna Slovenija";"2013";1,9
"Rž";"Jugovzhodna Slovenija";"2014";2,8
"Rž";"Jugovzhodna Slovenija";"2015";4,1
"Rž";"Jugovzhodna Slovenija";"2016";3,6
"Rž";"Jugovzhodna Slovenija";"2017";3,7
"Rž";"Jugovzhodna Slovenija";"2018";3,1
"Rž";"Jugovzhodna Slovenija";"2019";2,2
"Rž";"Osrednjeslovenska";"2010";4,1
"Rž";"Osrednjeslovenska";"2011";3,6
"Rž";"Osrednjeslovenska";"2012";3,1
"Rž";"Osrednjeslovenska";"2013";3,3
"Rž";"Osrednjeslovenska";"2014";4
"Rž";"Osrednjeslovenska";"2015";3,4
"Rž";"Osrednjeslovenska";"2016";3,8
"Rž";"Osrednjeslovenska";"2017";3,5
"Rž";"Osrednjeslovenska";"2018";2,9
"Rž";"Osrednjeslovenska";"2019";3,1
"Rž";"Gorenjska";"2010";3,5
"Rž";"Gorenjska";"2011";3,8
"Rž";"Gorenjska";"2012";2,9
"Rž";"Gorenjska";"2013";3,9
"Rž";"Gorenjska";"2014";3,7
"Rž";"Gorenjska";"2015";3,9
"Rž";"Gorenjska";"2016";3,9
"Rž";"Gorenjska";"2017";4,4
"Rž";"Gorenjska";"2018";3,1
"Rž";"Gorenjska";"2019";3,2
"Rž";"Primorsko-notranjska";"2010";4,9
"Rž";"Primorsko-notranjska";"2011";5,2
"Rž";"Primorsko-notranjska";"2012";4,9
"Rž";"Primorsko-notranjska";"2013";4
"Rž";"Primorsko-notranjska";"2014";4,5
"Rž";"Primorsko-notranjska";"2015";3,5
"Rž";"Primorsko-notranjska";"2016";3,8
"Rž";"Primorsko-notranjska";"2017";3,5
"Rž";"Primorsko-notranjska";"2018";3,5
"Rž";"Primorsko-notranjska";"2019";3,8
"Rž";"Goriška";"2011";2,5
"Rž";"Goriška";"2012";2,3
"Rž";"Goriška";"2013";3
"Rž";"Goriška";"2014";3,9
"Rž";"Goriška";"2015";3,7
"Rž";"Goriška";"2016";4
"Rž";"Goriška";"2017";4
"Rž";"Goriška";"2018";3,4
"Rž";"Goriška";"2019";3,8
"Rž";"Obalno-kraška";"2010";3,7
"Rž";"Obalno-kraška";"2011";4,8
"Rž";"Obalno-kraška";"2012";3,5
"Rž";"Obalno-kraška";"2013";3,8
"Rž";"Obalno-kraška";"2014";4
"Rž";"Obalno-kraška";"2015";3,8
"Rž";"Obalno-kraška";"2016";3,8
"Rž";"Obalno-kraška";"2017";4
"Rž";"Obalno-kraška";"2018";3,8
"Rž";"Obalno-kraška";"2019";4,3
"Koruza";"Pomurska";"2010";9,1
"Koruza";"Pomurska";"2011";9,6
"Koruza";"Pomurska";"2012";7,5
"Koruza";"Pomurska";"2013";5,6
"Koruza";"Pomurska";"2014";9,2
"Koruza";"Pomurska";"2015";9
"Koruza";"Pomurska";"2016";10
"Koruza";"Pomurska";"2017";7,6
"Koruza";"Pomurska";"2018";9,4
"Koruza";"Pomurska";"2019";9,9
"Koruza";"Podravska";"2010";8,7
"Koruza";"Podravska";"2011";9
"Koruza";"Podravska";"2012";7,4
"Koruza";"Podravska";"2013";5,8
"Koruza";"Podravska";"2014";9,4
"Koruza";"Podravska";"2015";9,4
"Koruza";"Podravska";"2016";9,4
"Koruza";"Podravska";"2017";7,4
"Koruza";"Podravska";"2018";10
"Koruza";"Podravska";"2019";9,2
"Koruza";"Koroška";"2010";7,5
"Koruza";"Koroška";"2011";7,8
"Koruza";"Koroška";"2012";7,5
"Koruza";"Koroška";"2013";4
"Koruza";"Koroška";"2014";7,6
"Koruza";"Koroška";"2015";7,3
"Koruza";"Koroška";"2016";8,6
"Koruza";"Koroška";"2017";7,3
"Koruza";"Koroška";"2018";9,2
"Koruza";"Koroška";"2019";8,7
"Koruza";"Savinjska";"2010";6,9
"Koruza";"Savinjska";"2011";6,3
"Koruza";"Savinjska";"2012";7,2
"Koruza";"Savinjska";"2013";4,4
"Koruza";"Savinjska";"2014";8,1
"Koruza";"Savinjska";"2015";7,9
"Koruza";"Savinjska";"2016";8
"Koruza";"Savinjska";"2017";5,2
"Koruza";"Savinjska";"2018";7,1
"Koruza";"Savinjska";"2019";6,6
"Koruza";"Zasavska";"2010";3,9
"Koruza";"Zasavska";"2011";4,1
"Koruza";"Zasavska";"2012";3,3
"Koruza";"Zasavska";"2013";2,8
"Koruza";"Zasavska";"2014";4,3
"Koruza";"Zasavska";"2015";5
"Koruza";"Zasavska";"2016";4,8
"Koruza";"Zasavska";"2017";3,9
"Koruza";"Zasavska";"2018";4,6
"Koruza";"Zasavska";"2019";4,7
"Koruza";"Posavska";"2010";7,6
"Koruza";"Posavska";"2011";5,6
"Koruza";"Posavska";"2012";5,5
"Koruza";"Posavska";"2013";4,4
"Koruza";"Posavska";"2014";9
"Koruza";"Posavska";"2015";8,9
"Koruza";"Posavska";"2016";9,8
"Koruza";"Posavska";"2017";5,4
"Koruza";"Posavska";"2018";9,6
"Koruza";"Posavska";"2019";9,8
"Koruza";"Jugovzhodna Slovenija";"2010";7,4
"Koruza";"Jugovzhodna Slovenija";"2011";8,1
"Koruza";"Jugovzhodna Slovenija";"2012";6,3
"Koruza";"Jugovzhodna Slovenija";"2013";4,9
"Koruza";"Jugovzhodna Slovenija";"2014";9,1
"Koruza";"Jugovzhodna Slovenija";"2015";8,7
"Koruza";"Jugovzhodna Slovenija";"2016";10
"Koruza";"Jugovzhodna Slovenija";"2017";5,9
"Koruza";"Jugovzhodna Slovenija";"2018";10
"Koruza";"Jugovzhodna Slovenija";"2019";8,8
"Koruza";"Osrednjeslovenska";"2010";6,8
"Koruza";"Osrednjeslovenska";"2011";7,4
"Koruza";"Osrednjeslovenska";"2012";6,4
"Koruza";"Osrednjeslovenska";"2013";5,2
"Koruza";"Osrednjeslovenska";"2014";8,1
"Koruza";"Osrednjeslovenska";"2015";7,1
"Koruza";"Osrednjeslovenska";"2016";7
"Koruza";"Osrednjeslovenska";"2017";6,3
"Koruza";"Osrednjeslovenska";"2018";6,8
"Koruza";"Osrednjeslovenska";"2019";6,7
"Koruza";"Gorenjska";"2010";8,7
"Koruza";"Gorenjska";"2011";9,3
"Koruza";"Gorenjska";"2012";7,7
"Koruza";"Gorenjska";"2013";5,4
"Koruza";"Gorenjska";"2014";8,9
"Koruza";"Gorenjska";"2015";9,5
"Koruza";"Gorenjska";"2016";9,4
"Koruza";"Gorenjska";"2017";9
"Koruza";"Gorenjska";"2018";9,6
"Koruza";"Gorenjska";"2019";8,7
"Koruza";"Primorsko-notranjska";"2010";7,3
"Koruza";"Primorsko-notranjska";"2011";7
"Koruza";"Primorsko-notranjska";"2012";3,9
"Koruza";"Primorsko-notranjska";"2013";5,5
"Koruza";"Primorsko-notranjska";"2014";7,2
"Koruza";"Primorsko-notranjska";"2015";7,4
"Koruza";"Primorsko-notranjska";"2016";7,3
"Koruza";"Primorsko-notranjska";"2017";5,1
"Koruza";"Primorsko-notranjska";"2018";8
"Koruza";"Primorsko-notranjska";"2019";7,9
"Koruza";"Goriška";"2010";8,8
"Koruza";"Goriška";"2011";8,4
"Koruza";"Goriška";"2012";2,5
"Koruza";"Goriška";"2013";2,8
"Koruza";"Goriška";"2014";9,4
"Koruza";"Goriška";"2015";7,7
"Koruza";"Goriška";"2016";6,3
"Koruza";"Goriška";"2017";6,6
"Koruza";"Goriška";"2018";9
"Koruza";"Goriška";"2019";5,1
"Koruza";"Obalno-kraška";"2010";6,5
"Koruza";"Obalno-kraška";"2011";6,2
"Koruza";"Obalno-kraška";"2012";2,8
"Koruza";"Obalno-kraška";"2013";3,9
"Koruza";"Obalno-kraška";"2014";6,1
"Koruza";"Obalno-kraška";"2015";5,7
"Koruza";"Obalno-kraška";"2016";4,6
"Koruza";"Obalno-kraška";"2017";4,2
"Koruza";"Obalno-kraška";"2018";6,4
"Koruza";"Obalno-kraška";"2019";5,7
"Koruza";"Pomurska";"2010";46,8
"Koruza";"Pomurska";"2011";68,1
"Koruza";"Pomurska";"2012";38
"Koruza";"Pomurska";"2013";30,6
"Koruza";"Pomurska";"2014";47,7
"Koruza";"Pomurska";"2015";45,9
"Koruza";"Pomurska";"2016";49,6
"Koruza";"Pomurska";"2017";38,5
"Koruza";"Pomurska";"2018";47,2
"Koruza";"Pomurska";"2019";49,8
"Koruza";"Podravska";"2010";45,2
"Koruza";"Podravska";"2011";45,7
"Koruza";"Podravska";"2012";39,7
"Koruza";"Podravska";"2013";32,5
"Koruza";"Podravska";"2014";46,1
"Koruza";"Podravska";"2015";51
"Koruza";"Podravska";"2016";49,5
"Koruza";"Podravska";"2017";41,7
"Koruza";"Podravska";"2018";50,8
"Koruza";"Podravska";"2019";47,5
"Koruza";"Koroška";"2010";41,3
"Koruza";"Koroška";"2011";41,7
"Koruza";"Koroška";"2012";40,6
"Koruza";"Koroška";"2013";28,4
"Koruza";"Koroška";"2014";42
"Koruza";"Koroška";"2015";44,2
"Koruza";"Koroška";"2016";45,6
"Koruza";"Koroška";"2017";43
"Koruza";"Koroška";"2018";45,4
"Koruza";"Koroška";"2019";45,6
"Koruza";"Savinjska";"2010";40,7
"Koruza";"Savinjska";"2011";40,7
"Koruza";"Savinjska";"2012";36,7
"Koruza";"Savinjska";"2013";26,1
"Koruza";"Savinjska";"2014";48,3
"Koruza";"Savinjska";"2015";49,3
"Koruza";"Savinjska";"2016";50,3
"Koruza";"Savinjska";"2017";36,7
"Koruza";"Savinjska";"2018";46,9
"Koruza";"Savinjska";"2019";45,6
"Koruza";"Zasavska";"2010";38,6
"Koruza";"Zasavska";"2011";39,7
"Koruza";"Zasavska";"2012";34,7
"Koruza";"Zasavska";"2013";31,1
"Koruza";"Zasavska";"2014";44,6
"Koruza";"Zasavska";"2015";47,2
"Koruza";"Zasavska";"2016";38,1
"Koruza";"Zasavska";"2017";33,1
"Koruza";"Zasavska";"2018";41
"Koruza";"Zasavska";"2019";40,6
"Koruza";"Posavska";"2010";40,7
"Koruza";"Posavska";"2011";28,8
"Koruza";"Posavska";"2012";30
"Koruza";"Posavska";"2013";26,8
"Koruza";"Posavska";"2014";43,8
"Koruza";"Posavska";"2015";47,9
"Koruza";"Posavska";"2016";47,5
"Koruza";"Posavska";"2017";28,6
"Koruza";"Posavska";"2018";48,8
"Koruza";"Posavska";"2019";51,1
"Koruza";"Jugovzhodna Slovenija";"2010";40,5
"Koruza";"Jugovzhodna Slovenija";"2011";42,6
"Koruza";"Jugovzhodna Slovenija";"2012";35,1
"Koruza";"Jugovzhodna Slovenija";"2013";21,9
"Koruza";"Jugovzhodna Slovenija";"2014";47,8
"Koruza";"Jugovzhodna Slovenija";"2015";47,4
"Koruza";"Jugovzhodna Slovenija";"2016";49,4
"Koruza";"Jugovzhodna Slovenija";"2017";29,3
"Koruza";"Jugovzhodna Slovenija";"2018";48,3
"Koruza";"Jugovzhodna Slovenija";"2019";42,3
"Koruza";"Osrednjeslovenska";"2010";45,1
"Koruza";"Osrednjeslovenska";"2011";47,9
"Koruza";"Osrednjeslovenska";"2012";43,2
"Koruza";"Osrednjeslovenska";"2013";34
"Koruza";"Osrednjeslovenska";"2014";49,5
"Koruza";"Osrednjeslovenska";"2015";51,4
"Koruza";"Osrednjeslovenska";"2016";50,4
"Koruza";"Osrednjeslovenska";"2017";45,7
"Koruza";"Osrednjeslovenska";"2018";50,1
"Koruza";"Osrednjeslovenska";"2019";49,5
"Koruza";"Gorenjska";"2010";48,5
"Koruza";"Gorenjska";"2011";51
"Koruza";"Gorenjska";"2012";47,2
"Koruza";"Gorenjska";"2013";35,6
"Koruza";"Gorenjska";"2014";52,7
"Koruza";"Gorenjska";"2015";51,8
"Koruza";"Gorenjska";"2016";53,6
"Koruza";"Gorenjska";"2017";53,2
"Koruza";"Gorenjska";"2018";50,9
"Koruza";"Gorenjska";"2019";52,2
"Koruza";"Primorsko-notranjska";"2010";44,3
"Koruza";"Primorsko-notranjska";"2011";40,5
"Koruza";"Primorsko-notranjska";"2012";23,9
"Koruza";"Primorsko-notranjska";"2013";31
"Koruza";"Primorsko-notranjska";"2014";46,3
"Koruza";"Primorsko-notranjska";"2015";44,1
"Koruza";"Primorsko-notranjska";"2016";40,3
"Koruza";"Primorsko-notranjska";"2017";31,9
"Koruza";"Primorsko-notranjska";"2018";40,4
"Koruza";"Primorsko-notranjska";"2019";45,1
"Koruza";"Goriška";"2010";39,5
"Koruza";"Goriška";"2011";40,2
"Koruza";"Goriška";"2012";14,4
"Koruza";"Goriška";"2013";18,9
"Koruza";"Goriška";"2014";37,9
"Koruza";"Goriška";"2015";34,3
"Koruza";"Goriška";"2016";27,4
"Koruza";"Goriška";"2017";25,6
"Koruza";"Goriška";"2018";32,8
"Koruza";"Goriška";"2019";20,5
"Koruza";"Obalno-kraška";"2010";44
"Koruza";"Obalno-kraška";"2011";52
"Koruza";"Obalno-kraška";"2012";38
"Koruza";"Obalno-kraška";"2013";32
"Koruza";"Obalno-kraška";"2014";47
"Koruza";"Obalno-kraška";"2015";45
"Koruza";"Obalno-kraška";"2016";40
"Koruza";"Obalno-kraška";"2017";35
"Koruza";"Obalno-kraška";"2018";43
"Koruza";"Obalno-kraška";"2019";30
"Krompir";"Pomurska";"2010";26,9
"Krompir";"Pomurska";"2011";29,3
"Krompir";"Pomurska";"2012";23,2
"Krompir";"Pomurska";"2013";19,9
"Krompir";"Pomurska";"2014";28,9
"Krompir";"Pomurska";"2015";28,7
"Krompir";"Pomurska";"2016";29,7
"Krompir";"Pomurska";"2017";23
"Krompir";"Pomurska";"2018";26,8
"Krompir";"Pomurska";"2019";28,2
"Krompir";"Podravska";"2010";24,4
"Krompir";"Podravska";"2011";25,6
"Krompir";"Podravska";"2012";23,9
"Krompir";"Podravska";"2013";19,9
"Krompir";"Podravska";"2014";24,7
"Krompir";"Podravska";"2015";27,9
"Krompir";"Podravska";"2016";26,5
"Krompir";"Podravska";"2017";24
"Krompir";"Podravska";"2018";26,5
"Krompir";"Podravska";"2019";25,9
"Krompir";"Koroška";"2010";19
"Krompir";"Koroška";"2011";19,5
"Krompir";"Koroška";"2012";19
"Krompir";"Koroška";"2013";17
"Krompir";"Koroška";"2014";20,5
"Krompir";"Koroška";"2015";23,7
"Krompir";"Koroška";"2016";23,9
"Krompir";"Koroška";"2017";26,3
"Krompir";"Koroška";"2018";25,5
"Krompir";"Koroška";"2019";24,2
"Krompir";"Savinjska";"2010";22,7
"Krompir";"Savinjska";"2011";23,6
"Krompir";"Savinjska";"2012";22,3
"Krompir";"Savinjska";"2013";16,5
"Krompir";"Savinjska";"2014";25,1
"Krompir";"Savinjska";"2015";26,2
"Krompir";"Savinjska";"2016";25,2
"Krompir";"Savinjska";"2017";23
"Krompir";"Savinjska";"2018";21,3
"Krompir";"Savinjska";"2019";18,4
"Krompir";"Zasavska";"2010";16,4
"Krompir";"Zasavska";"2011";18,6
"Krompir";"Zasavska";"2012";17,2
"Krompir";"Zasavska";"2013";20,7
"Krompir";"Zasavska";"2014";18,3
"Krompir";"Zasavska";"2015";20,7
"Krompir";"Zasavska";"2016";19,6
"Krompir";"Zasavska";"2017";18,1
"Krompir";"Zasavska";"2018";18,5
"Krompir";"Zasavska";"2019";15,9
"Krompir";"Posavska";"2010";21,8
"Krompir";"Posavska";"2011";24,3
"Krompir";"Posavska";"2012";24,3
"Krompir";"Posavska";"2013";21,6
"Krompir";"Posavska";"2014";30,1
"Krompir";"Posavska";"2015";30,7
"Krompir";"Posavska";"2016";29,6
"Krompir";"Posavska";"2017";20,7
"Krompir";"Posavska";"2018";28,1
"Krompir";"Posavska";"2019";25,4
"Krompir";"Jugovzhodna Slovenija";"2010";21
"Krompir";"Jugovzhodna Slovenija";"2011";24,2
"Krompir";"Jugovzhodna Slovenija";"2012";23,9
"Krompir";"Jugovzhodna Slovenija";"2013";15,4
"Krompir";"Jugovzhodna Slovenija";"2014";27,3
"Krompir";"Jugovzhodna Slovenija";"2015";26,4
"Krompir";"Jugovzhodna Slovenija";"2016";24,6
"Krompir";"Jugovzhodna Slovenija";"2017";19,7
"Krompir";"Jugovzhodna Slovenija";"2018";23,2
"Krompir";"Jugovzhodna Slovenija";"2019";19,6
"Krompir";"Osrednjeslovenska";"2010";25,1
"Krompir";"Osrednjeslovenska";"2011";27
"Krompir";"Osrednjeslovenska";"2012";24,6
"Krompir";"Osrednjeslovenska";"2013";20,2
"Krompir";"Osrednjeslovenska";"2014";26
"Krompir";"Osrednjeslovenska";"2015";27,5
"Krompir";"Osrednjeslovenska";"2016";27,2
"Krompir";"Osrednjeslovenska";"2017";25,9
"Krompir";"Osrednjeslovenska";"2018";28,1
"Krompir";"Osrednjeslovenska";"2019";24,5
"Krompir";"Gorenjska";"2010";27,4
"Krompir";"Gorenjska";"2011";29,5
"Krompir";"Gorenjska";"2012";25,9
"Krompir";"Gorenjska";"2013";18,4
"Krompir";"Gorenjska";"2014";29,5
"Krompir";"Gorenjska";"2015";29,5
"Krompir";"Gorenjska";"2016";30,4
"Krompir";"Gorenjska";"2017";29,6
"Krompir";"Gorenjska";"2018";27,3
"Krompir";"Gorenjska";"2019";26,4
"Krompir";"Primorsko-notranjska";"2010";26,5
"Krompir";"Primorsko-notranjska";"2011";27,9
"Krompir";"Primorsko-notranjska";"2012";21,9
"Krompir";"Primorsko-notranjska";"2013";22,1
"Krompir";"Primorsko-notranjska";"2014";30,8
"Krompir";"Primorsko-notranjska";"2015";25,4
"Krompir";"Primorsko-notranjska";"2016";26,4
"Krompir";"Primorsko-notranjska";"2017";25,6
"Krompir";"Primorsko-notranjska";"2018";25,9
"Krompir";"Primorsko-notranjska";"2019";22,8
"Krompir";"Goriška";"2010";26,6
"Krompir";"Goriška";"2011";29,3
"Krompir";"Goriška";"2012";19,7
"Krompir";"Goriška";"2013";18,2
"Krompir";"Goriška";"2014";27,2
"Krompir";"Goriška";"2015";26,8
"Krompir";"Goriška";"2016";25,2
"Krompir";"Goriška";"2017";25
"Krompir";"Goriška";"2018";27,8
"Krompir";"Goriška";"2019";19,9
"Krompir";"Obalno-kraška";"2010";23,1
"Krompir";"Obalno-kraška";"2011";22,7
"Krompir";"Obalno-kraška";"2012";15,1
"Krompir";"Obalno-kraška";"2013";15,7
"Krompir";"Obalno-kraška";"2014";22,6
"Krompir";"Obalno-kraška";"2015";21,1
"Krompir";"Obalno-kraška";"2016";20,2
"Krompir";"Obalno-kraška";"2017";17,6
"Krompir";"Obalno-kraška";"2018";23,4
"Krompir";"Obalno-kraška";"2019";19,9
"Buče";"Pomurska";"2010";0,6
"Buče";"Pomurska";"2011";0,7
"Buče";"Pomurska";"2012";0,6
"Buče";"Pomurska";"2013";0,5
"Buče";"Pomurska";"2014";0,5
"Buče";"Pomurska";"2015";0,7
"Buče";"Pomurska";"2016";0,8
"Buče";"Pomurska";"2017";0,6
"Buče";"Pomurska";"2018";0,7
"Buče";"Pomurska";"2019";0,6
"Buče";"Podravska";"2010";0,6
"Buče";"Podravska";"2011";0,6
"Buče";"Podravska";"2012";0,5
"Buče";"Podravska";"2013";0,4
"Buče";"Podravska";"2014";0,6
"Buče";"Podravska";"2015";0,7
"Buče";"Podravska";"2016";0,7
"Buče";"Podravska";"2017";0,5
"Buče";"Podravska";"2018";0,8
"Buče";"Podravska";"2019";0,6
"Buče";"Koroška";"2010";0,8
"Buče";"Koroška";"2011";0,7
"Buče";"Koroška";"2012";0,7
"Buče";"Koroška";"2013";0,3
"Buče";"Koroška";"2014";0,4
"Buče";"Koroška";"2015";0,4
"Buče";"Koroška";"2016";0,4
"Buče";"Koroška";"2017";0,3
"Buče";"Koroška";"2018";0,5
"Buče";"Koroška";"2019";0,4
"Buče";"Savinjska";"2010";0,6
"Buče";"Savinjska";"2011";1
"Buče";"Savinjska";"2012";0,8
"Buče";"Savinjska";"2013";0,4
"Buče";"Savinjska";"2014";0,9
"Buče";"Savinjska";"2015";1
"Buče";"Savinjska";"2016";1,1
"Buče";"Savinjska";"2017";0,8
"Buče";"Savinjska";"2018";1
"Buče";"Savinjska";"2019";0,8
"Buče";"Zasavska";"2015";0,7
"Buče";"Zasavska";"2016";0,8
"Buče";"Zasavska";"2017";0,6
"Buče";"Zasavska";"2018";0,8
"Buče";"Zasavska";"2019";0,6
"Buče";"Posavska";"2010";0,7
"Buče";"Posavska";"2011";0,7
"Buče";"Posavska";"2012";0,5
"Buče";"Posavska";"2013";0,5
"Buče";"Posavska";"2014";0,5
"Buče";"Posavska";"2015";0,6
"Buče";"Posavska";"2016";0,5
"Buče";"Posavska";"2017";0,5
"Buče";"Posavska";"2018";0,8
"Buče";"Posavska";"2019";0,8
"Buče";"Jugovzhodna Slovenija";"2010";0,7
"Buče";"Jugovzhodna Slovenija";"2011";0,4
"Buče";"Jugovzhodna Slovenija";"2012";0,4
"Buče";"Jugovzhodna Slovenija";"2013";0,1
"Buče";"Jugovzhodna Slovenija";"2014";0,3
"Buče";"Jugovzhodna Slovenija";"2015";0,5
"Buče";"Jugovzhodna Slovenija";"2016";0,6
"Buče";"Jugovzhodna Slovenija";"2017";0,6
"Buče";"Jugovzhodna Slovenija";"2018";1
"Buče";"Jugovzhodna Slovenija";"2019";1,2
"Buče";"Osrednjeslovenska";"2010";0,7
"Buče";"Osrednjeslovenska";"2011";0,7
"Buče";"Osrednjeslovenska";"2012";0,5
"Buče";"Osrednjeslovenska";"2013";0,4
"Buče";"Osrednjeslovenska";"2014";0,5
"Buče";"Osrednjeslovenska";"2015";0,9
"Buče";"Osrednjeslovenska";"2016";1,2
"Buče";"Osrednjeslovenska";"2017";0,8
"Buče";"Osrednjeslovenska";"2018";0,7
"Buče";"Osrednjeslovenska";"2019";0,7
"Buče";"Gorenjska";"2010";0,7
"Buče";"Gorenjska";"2011";0,7
"Buče";"Gorenjska";"2012";0,5
"Buče";"Gorenjska";"2013";0,5
"Buče";"Gorenjska";"2014";0,6
"Buče";"Gorenjska";"2015";0,7
"Buče";"Gorenjska";"2016";0,8
"Buče";"Gorenjska";"2017";0,6
"Buče";"Gorenjska";"2018";0,8
"Buče";"Gorenjska";"2019";0,6
"Buče";"Primorsko-notranjska";"2010";0,7
"Buče";"Primorsko-notranjska";"2011";0,7
"Buče";"Primorsko-notranjska";"2012";0,5
"Buče";"Primorsko-notranjska";"2013";0,5
"Buče";"Primorsko-notranjska";"2014";0,6
"Buče";"Primorsko-notranjska";"2015";0,7
"Buče";"Primorsko-notranjska";"2016";0,8
"Buče";"Primorsko-notranjska";"2017";0,6
"Buče";"Primorsko-notranjska";"2018";0,8
"Buče";"Primorsko-notranjska";"2019";0,6
"Buče";"Goriška";"2011";0,7
"Buče";"Goriška";"2012";0,5
"Buče";"Goriška";"2013";0,5
"Buče";"Goriška";"2014";0,6
"Buče";"Goriška";"2015";0,7
"Buče";"Goriška";"2016";0,8
"Buče";"Goriška";"2017";0,6
"Buče";"Goriška";"2018";0,8
"Buče";"Goriška";"2019";0,6
"Buče";"Obalno-kraška";"2010";0,7
"Buče";"Obalno-kraška";"2011";0,7
"Buče";"Obalno-kraška";"2012";0,6
"Buče";"Obalno-kraška";"2013";0,3
"Buče";"Obalno-kraška";"2014";0,8
"Buče";"Obalno-kraška";"2015";0,2
"Buče";"Obalno-kraška";"2016";0,5
"Buče";"Obalno-kraška";"2017";0,5
"Buče";"Obalno-kraška";"2018";0,4
"Buče";"Obalno-kraška";"2019";0,4
"Repica";"Pomurska";"2010";3
"Repica";"Pomurska";"2011";2,9
"Repica";"Pomurska";"2012";3,3
"Repica";"Pomurska";"2013";2
"Repica";"Pomurska";"2014";3,4
"Repica";"Pomurska";"2015";1,8
"Repica";"Pomurska";"2016";2,9
"Repica";"Pomurska";"2017";2,4
"Repica";"Pomurska";"2018";2
"Repica";"Pomurska";"2019";3,1
"Repica";"Podravska";"2010";2,9
"Repica";"Podravska";"2011";3,1
"Repica";"Podravska";"2012";3,3
"Repica";"Podravska";"2013";3,2
"Repica";"Podravska";"2014";4
"Repica";"Podravska";"2015";2,5
"Repica";"Podravska";"2016";2,6
"Repica";"Podravska";"2017";3,2
"Repica";"Podravska";"2018";2,8
"Repica";"Podravska";"2019";2,7
"Repica";"Koroška";"2010";2,8
"Repica";"Koroška";"2011";0,2
"Repica";"Koroška";"2012";3,1
"Repica";"Koroška";"2013";0,9
"Repica";"Koroška";"2014";0,9
"Repica";"Koroška";"2015";2,1
"Repica";"Koroška";"2016";2,8
"Repica";"Koroška";"2017";2,6
"Repica";"Koroška";"2018";2,2
"Repica";"Savinjska";"2010";3,2
"Repica";"Savinjska";"2011";3,1
"Repica";"Savinjska";"2012";2,7
"Repica";"Savinjska";"2013";2,7
"Repica";"Savinjska";"2014";3,6
"Repica";"Savinjska";"2015";2,9
"Repica";"Savinjska";"2016";2,3
"Repica";"Savinjska";"2017";2,5
"Repica";"Savinjska";"2018";2,1
"Repica";"Savinjska";"2019";3
"Repica";"Zasavska";"2013";2,2
"Repica";"Zasavska";"2017";2,7
"Repica";"Posavska";"2010";2,3
"Repica";"Posavska";"2011";2,7
"Repica";"Posavska";"2012";3
"Repica";"Posavska";"2013";2,5
"Repica";"Posavska";"2014";3,1
"Repica";"Posavska";"2015";2,7
"Repica";"Posavska";"2016";2,7
"Repica";"Posavska";"2017";2,2
"Repica";"Posavska";"2018";2,5
"Repica";"Posavska";"2019";2,7
"Repica";"Jugovzhodna Slovenija";"2010";2,4
"Repica";"Jugovzhodna Slovenija";"2011";2,4
"Repica";"Jugovzhodna Slovenija";"2012";2
"Repica";"Jugovzhodna Slovenija";"2013";2,3
"Repica";"Jugovzhodna Slovenija";"2014";3,4
"Repica";"Jugovzhodna Slovenija";"2015";3
"Repica";"Jugovzhodna Slovenija";"2016";2,5
"Repica";"Jugovzhodna Slovenija";"2017";2,6
"Repica";"Jugovzhodna Slovenija";"2018";2,8
"Repica";"Jugovzhodna Slovenija";"2019";2,9
"Repica";"Osrednjeslovenska";"2010";3
"Repica";"Osrednjeslovenska";"2011";3,4
"Repica";"Osrednjeslovenska";"2012";3,6
"Repica";"Osrednjeslovenska";"2013";3,7
"Repica";"Osrednjeslovenska";"2014";3,9
"Repica";"Osrednjeslovenska";"2015";3,4
"Repica";"Osrednjeslovenska";"2016";1,6
"Repica";"Osrednjeslovenska";"2017";2
"Repica";"Osrednjeslovenska";"2018";2
"Repica";"Osrednjeslovenska";"2019";2
"Repica";"Gorenjska";"2010";4,2
"Repica";"Gorenjska";"2011";2,5
"Repica";"Gorenjska";"2012";3,3
"Repica";"Gorenjska";"2013";3,6
"Repica";"Gorenjska";"2014";3,9
"Repica";"Gorenjska";"2015";3
"Repica";"Gorenjska";"2016";2
"Repica";"Gorenjska";"2017";2,6
"Repica";"Gorenjska";"2018";3
"Repica";"Gorenjska";"2019";3
"Repica";"Primorsko-notranjska";"2012";3,1
"Repica";"Primorsko-notranjska";"2018";2,3
"Repica";"Primorsko-notranjska";"2019";2,9
"Repica";"Goriška";"2010";2,8
"Repica";"Goriška";"2011";2,7
"Repica";"Goriška";"2012";3,1
"Repica";"Goriška";"2013";2,2
"Repica";"Goriška";"2015";2,1
"Repica";"Goriška";"2016";2,8
"Repica";"Goriška";"2017";2,6
"Repica";"Goriška";"2018";2,2
"Repica";"Goriška";"2019";3
"Repica";"Obalno-kraška";"2012";3,7
"Repica";"Obalno-kraška";"2013";3,9
"Repica";"Obalno-kraška";"2015";3,2
"Repica";"Obalno-kraška";"2016";1,8
"Repica";"Obalno-kraška";"2017";2,3
"Repica";"Obalno-kraška";"2018";2,4
"Repica";"Obalno-kraška";"2019";2,4
"Hmelj";"Podravska";"2010";0,4
"Hmelj";"Podravska";"2011";1,6
"Hmelj";"Podravska";"2012";1,1
"Hmelj";"Podravska";"2013";1,2
"Hmelj";"Podravska";"2014";1,3
"Hmelj";"Podravska";"2015";0,7
"Hmelj";"Podravska";"2016";1,6
"Hmelj";"Podravska";"2017";1
"Hmelj";"Podravska";"2018";0,9
"Hmelj";"Podravska";"2019";1,4
"Hmelj";"Koroška";"2010";1,9
"Hmelj";"Koroška";"2011";2,1
"Hmelj";"Koroška";"2012";1,7
"Hmelj";"Koroška";"2013";1,6
"Hmelj";"Koroška";"2014";2,1
"Hmelj";"Koroška";"2015";2
"Hmelj";"Koroška";"2016";1,9
"Hmelj";"Koroška";"2017";1,9
"Hmelj";"Koroška";"2018";2,3
"Hmelj";"Koroška";"2019";1,9
"Hmelj";"Savinjska";"2010";1,4
"Hmelj";"Savinjska";"2011";1,5
"Hmelj";"Savinjska";"2012";1,1
"Hmelj";"Savinjska";"2013";0,9
"Hmelj";"Savinjska";"2014";1,7
"Hmelj";"Savinjska";"2015";1,4
"Hmelj";"Savinjska";"2016";1,6
"Hmelj";"Savinjska";"2017";1,3
"Hmelj";"Savinjska";"2018";1,9
"Hmelj";"Savinjska";"2019";1,5
"Hmelj";"Osrednjeslovenska";"2016";1,7
"Trave";"Pomurska";"2010";8,7
"Trave";"Pomurska";"2011";8,4
"Trave";"Pomurska";"2012";6,1
"Trave";"Pomurska";"2013";4,9
"Trave";"Pomurska";"2014";7,7
"Trave";"Pomurska";"2015";7,3
"Trave";"Pomurska";"2016";7,9
"Trave";"Pomurska";"2017";5,6
"Trave";"Pomurska";"2018";7,2
"Trave";"Pomurska";"2019";7,8
"Trave";"Podravska";"2010";8,3
"Trave";"Podravska";"2011";7,7
"Trave";"Podravska";"2012";6
"Trave";"Podravska";"2013";4,7
"Trave";"Podravska";"2014";6,2
"Trave";"Podravska";"2015";7,7
"Trave";"Podravska";"2016";7,8
"Trave";"Podravska";"2017";6,5
"Trave";"Podravska";"2018";8,1
"Trave";"Podravska";"2019";8,9
"Trave";"Koroška";"2010";7,3
"Trave";"Koroška";"2011";7,2
"Trave";"Koroška";"2012";6,8
"Trave";"Koroška";"2013";4,3
"Trave";"Koroška";"2014";6,9
"Trave";"Koroška";"2015";6,4
"Trave";"Koroška";"2016";7,3
"Trave";"Koroška";"2017";6,9
"Trave";"Koroška";"2018";6,8
"Trave";"Koroška";"2019";7,6
"Trave";"Savinjska";"2010";7,9
"Trave";"Savinjska";"2011";7,1
"Trave";"Savinjska";"2012";6,7
"Trave";"Savinjska";"2013";5,2
"Trave";"Savinjska";"2014";7,5
"Trave";"Savinjska";"2015";7,6
"Trave";"Savinjska";"2016";7,7
"Trave";"Savinjska";"2017";5,3
"Trave";"Savinjska";"2018";8,6
"Trave";"Savinjska";"2019";8,4
"Trave";"Zasavska";"2010";4,5
"Trave";"Zasavska";"2011";4,1
"Trave";"Zasavska";"2012";3,6
"Trave";"Zasavska";"2013";3,5
"Trave";"Zasavska";"2014";4,4
"Trave";"Zasavska";"2015";5,7
"Trave";"Zasavska";"2016";5
"Trave";"Zasavska";"2017";3,9
"Trave";"Zasavska";"2018";3,9
"Trave";"Zasavska";"2019";4,1
"Trave";"Posavska";"2010";7
"Trave";"Posavska";"2011";6
"Trave";"Posavska";"2012";5,3
"Trave";"Posavska";"2013";5,4
"Trave";"Posavska";"2014";6,4
"Trave";"Posavska";"2015";7,3
"Trave";"Posavska";"2016";7,6
"Trave";"Posavska";"2017";4,7
"Trave";"Posavska";"2018";6,7
"Trave";"Posavska";"2019";7,9
"Trave";"Jugovzhodna Slovenija";"2010";6,6
"Trave";"Jugovzhodna Slovenija";"2011";7,3
"Trave";"Jugovzhodna Slovenija";"2012";5,4
"Trave";"Jugovzhodna Slovenija";"2013";5,3
"Trave";"Jugovzhodna Slovenija";"2014";8,5
"Trave";"Jugovzhodna Slovenija";"2015";8,7
"Trave";"Jugovzhodna Slovenija";"2016";9
"Trave";"Jugovzhodna Slovenija";"2017";5,8
"Trave";"Jugovzhodna Slovenija";"2018";7,7
"Trave";"Jugovzhodna Slovenija";"2019";7,3
"Trave";"Osrednjeslovenska";"2010";6,4
"Trave";"Osrednjeslovenska";"2011";6,2
"Trave";"Osrednjeslovenska";"2012";5,3
"Trave";"Osrednjeslovenska";"2013";5,8
"Trave";"Osrednjeslovenska";"2014";6
"Trave";"Osrednjeslovenska";"2015";6,7
"Trave";"Osrednjeslovenska";"2016";6,6
"Trave";"Osrednjeslovenska";"2017";5,2
"Trave";"Osrednjeslovenska";"2018";6,4
"Trave";"Osrednjeslovenska";"2019";6,7
"Trave";"Gorenjska";"2010";8,5
"Trave";"Gorenjska";"2011";8,3
"Trave";"Gorenjska";"2012";7,4
"Trave";"Gorenjska";"2013";5,4
"Trave";"Gorenjska";"2014";8,4
"Trave";"Gorenjska";"2015";7,9
"Trave";"Gorenjska";"2016";8,3
"Trave";"Gorenjska";"2017";7,9
"Trave";"Gorenjska";"2018";8,7
"Trave";"Gorenjska";"2019";8,4
"Trave";"Primorsko-notranjska";"2010";4,6
"Trave";"Primorsko-notranjska";"2011";5,4
"Trave";"Primorsko-notranjska";"2012";4
"Trave";"Primorsko-notranjska";"2013";4,7
"Trave";"Primorsko-notranjska";"2014";5,2
"Trave";"Primorsko-notranjska";"2015";5,7
"Trave";"Primorsko-notranjska";"2016";5,7
"Trave";"Primorsko-notranjska";"2017";4,5
"Trave";"Primorsko-notranjska";"2018";6,3
"Trave";"Primorsko-notranjska";"2019";6,1
"Trave";"Goriška";"2010";9,1
"Trave";"Goriška";"2011";8,3
"Trave";"Goriška";"2012";3,7
"Trave";"Goriška";"2013";5,2
"Trave";"Goriška";"2014";7,3
"Trave";"Goriška";"2015";6,2
"Trave";"Goriška";"2016";5,7
"Trave";"Goriška";"2017";4,5
"Trave";"Goriška";"2018";7
"Trave";"Goriška";"2019";5,4
"Trave";"Obalno-kraška";"2010";5,7
"Trave";"Obalno-kraška";"2011";4,9
"Trave";"Obalno-kraška";"2012";2,1
"Trave";"Obalno-kraška";"2013";3
"Trave";"Obalno-kraška";"2014";4,3
"Trave";"Obalno-kraška";"2015";3,7
"Trave";"Obalno-kraška";"2016";3,9
"Trave";"Obalno-kraška";"2017";3,9
"Trave";"Obalno-kraška";"2018";4,3
"Trave";"Obalno-kraška";"2019";4,2
"Deteljne";"Pomurska";"2010";8
"Deteljne";"Pomurska";"2011";8
"Deteljne";"Pomurska";"2012";5,6
"Deteljne";"Pomurska";"2013";5,2
"Deteljne";"Pomurska";"2014";8,6
"Deteljne";"Pomurska";"2015";7,6
"Deteljne";"Pomurska";"2016";7,9
"Deteljne";"Pomurska";"2017";6,1
"Deteljne";"Pomurska";"2018";7,4
"Deteljne";"Pomurska";"2019";7,4
"Deteljne";"Podravska";"2010";8,1
"Deteljne";"Podravska";"2011";7,1
"Deteljne";"Podravska";"2012";5,8
"Deteljne";"Podravska";"2013";4,6
"Deteljne";"Podravska";"2014";6,6
"Deteljne";"Podravska";"2015";7,4
"Deteljne";"Podravska";"2016";7,4
"Deteljne";"Podravska";"2017";6,3
"Deteljne";"Podravska";"2018";8,2
"Deteljne";"Podravska";"2019";8,3
"Deteljne";"Koroška";"2010";7,9
"Deteljne";"Koroška";"2011";7,5
"Deteljne";"Koroška";"2012";7
"Deteljne";"Koroška";"2013";4,9
"Deteljne";"Koroška";"2014";6,1
"Deteljne";"Koroška";"2015";6
"Deteljne";"Koroška";"2016";6,7
"Deteljne";"Koroška";"2017";6,2
"Deteljne";"Koroška";"2018";7,5
"Deteljne";"Koroška";"2019";7,6
"Deteljne";"Savinjska";"2010";8
"Deteljne";"Savinjska";"2011";7,7
"Deteljne";"Savinjska";"2012";6,3
"Deteljne";"Savinjska";"2013";5,4
"Deteljne";"Savinjska";"2014";8,1
"Deteljne";"Savinjska";"2015";8,6
"Deteljne";"Savinjska";"2016";8,5
"Deteljne";"Savinjska";"2017";6,9
"Deteljne";"Savinjska";"2018";8,5
"Deteljne";"Savinjska";"2019";8,7
"Deteljne";"Zasavska";"2010";5,5
"Deteljne";"Zasavska";"2011";4,6
"Deteljne";"Zasavska";"2012";3,7
"Deteljne";"Zasavska";"2013";3,7
"Deteljne";"Zasavska";"2014";4,7
"Deteljne";"Zasavska";"2015";6,2
"Deteljne";"Zasavska";"2016";5,1
"Deteljne";"Zasavska";"2017";3,8
"Deteljne";"Zasavska";"2018";4,2
"Deteljne";"Zasavska";"2019";4,5
"Deteljne";"Posavska";"2010";6,9
"Deteljne";"Posavska";"2011";6,3
"Deteljne";"Posavska";"2012";5,8
"Deteljne";"Posavska";"2013";5,7
"Deteljne";"Posavska";"2014";7
"Deteljne";"Posavska";"2015";7,9
"Deteljne";"Posavska";"2016";7,9
"Deteljne";"Posavska";"2017";4,8
"Deteljne";"Posavska";"2018";7,3
"Deteljne";"Posavska";"2019";8,2
"Deteljne";"Jugovzhodna Slovenija";"2010";7
"Deteljne";"Jugovzhodna Slovenija";"2011";7,8
"Deteljne";"Jugovzhodna Slovenija";"2012";5,4
"Deteljne";"Jugovzhodna Slovenija";"2013";5,2
"Deteljne";"Jugovzhodna Slovenija";"2014";8,6
"Deteljne";"Jugovzhodna Slovenija";"2015";9,2
"Deteljne";"Jugovzhodna Slovenija";"2016";9,4
"Deteljne";"Jugovzhodna Slovenija";"2017";6
"Deteljne";"Jugovzhodna Slovenija";"2018";8,5
"Deteljne";"Jugovzhodna Slovenija";"2019";7,6
"Deteljne";"Osrednjeslovenska";"2010";7
"Deteljne";"Osrednjeslovenska";"2011";6,7
"Deteljne";"Osrednjeslovenska";"2012";6
"Deteljne";"Osrednjeslovenska";"2013";6,3
"Deteljne";"Osrednjeslovenska";"2014";7,3
"Deteljne";"Osrednjeslovenska";"2015";7,4
"Deteljne";"Osrednjeslovenska";"2016";7,1
"Deteljne";"Osrednjeslovenska";"2017";6
"Deteljne";"Osrednjeslovenska";"2018";6,5
"Deteljne";"Osrednjeslovenska";"2019";7
"Deteljne";"Gorenjska";"2010";7,7
"Deteljne";"Gorenjska";"2011";7,4
"Deteljne";"Gorenjska";"2012";6,7
"Deteljne";"Gorenjska";"2013";5,2
"Deteljne";"Gorenjska";"2014";7,8
"Deteljne";"Gorenjska";"2015";7,8
"Deteljne";"Gorenjska";"2016";7,8
"Deteljne";"Gorenjska";"2017";7,8
"Deteljne";"Gorenjska";"2018";7,4
"Deteljne";"Gorenjska";"2019";7,4
"Deteljne";"Primorsko-notranjska";"2010";4,9
"Deteljne";"Primorsko-notranjska";"2011";5,7
"Deteljne";"Primorsko-notranjska";"2012";4,3
"Deteljne";"Primorsko-notranjska";"2013";5,1
"Deteljne";"Primorsko-notranjska";"2014";5,6
"Deteljne";"Primorsko-notranjska";"2015";5,7
"Deteljne";"Primorsko-notranjska";"2016";5,7
"Deteljne";"Primorsko-notranjska";"2017";5
"Deteljne";"Primorsko-notranjska";"2018";6,5
"Deteljne";"Primorsko-notranjska";"2019";5,8
"Deteljne";"Goriška";"2010";9,4
"Deteljne";"Goriška";"2011";9,7
"Deteljne";"Goriška";"2012";4,8
"Deteljne";"Goriška";"2013";6,5
"Deteljne";"Goriška";"2014";8,6
"Deteljne";"Goriška";"2015";7,6
"Deteljne";"Goriška";"2016";7,1
"Deteljne";"Goriška";"2017";6
"Deteljne";"Goriška";"2018";8
"Deteljne";"Goriška";"2019";5,8
"Deteljne";"Obalno-kraška";"2010";5,2
"Deteljne";"Obalno-kraška";"2011";5,4
"Deteljne";"Obalno-kraška";"2012";2
"Deteljne";"Obalno-kraška";"2013";3
"Deteljne";"Obalno-kraška";"2014";4,7
"Deteljne";"Obalno-kraška";"2015";4
"Deteljne";"Obalno-kraška";"2016";3,9
"Deteljne";"Obalno-kraška";"2017";3,7
"Deteljne";"Obalno-kraška";"2018";4,2
"Deteljne";"Obalno-kraška";"2019";4,2
"Detelja";"Pomurska";"2010";7,8
"Detelja";"Pomurska";"2011";7,7
"Detelja";"Pomurska";"2012";4,8
"Detelja";"Pomurska";"2013";4,7
"Detelja";"Pomurska";"2014";7,1
"Detelja";"Pomurska";"2015";6,8
"Detelja";"Pomurska";"2016";7
"Detelja";"Pomurska";"2017";5,5
"Detelja";"Pomurska";"2018";6,1
"Detelja";"Pomurska";"2019";6,1
"Detelja";"Podravska";"2010";5,8
"Detelja";"Podravska";"2011";5,9
"Detelja";"Podravska";"2012";4,9
"Detelja";"Podravska";"2013";4,2
"Detelja";"Podravska";"2014";4,9
"Detelja";"Podravska";"2015";5,9
"Detelja";"Podravska";"2016";6,2
"Detelja";"Podravska";"2017";5,6
"Detelja";"Podravska";"2018";6,7
"Detelja";"Podravska";"2019";6,9
"Detelja";"Koroška";"2010";7,7
"Detelja";"Koroška";"2011";7,5
"Detelja";"Koroška";"2012";7,3
"Detelja";"Koroška";"2013";6,2
"Detelja";"Koroška";"2014";6,5
"Detelja";"Koroška";"2015";6,5
"Detelja";"Koroška";"2016";6,8
"Detelja";"Koroška";"2017";6,8
"Detelja";"Koroška";"2018";7,4
"Detelja";"Koroška";"2019";7,6
"Detelja";"Savinjska";"2010";8,9
"Detelja";"Savinjska";"2011";8,7
"Detelja";"Savinjska";"2012";7,6
"Detelja";"Savinjska";"2013";5,7
"Detelja";"Savinjska";"2014";7,9
"Detelja";"Savinjska";"2015";8,9
"Detelja";"Savinjska";"2016";8,8
"Detelja";"Savinjska";"2017";7
"Detelja";"Savinjska";"2018";8,9
"Detelja";"Savinjska";"2019";9,1
"Detelja";"Zasavska";"2010";5,1
"Detelja";"Zasavska";"2011";5
"Detelja";"Zasavska";"2012";4,4
"Detelja";"Zasavska";"2013";5,5
"Detelja";"Zasavska";"2014";5,3
"Detelja";"Zasavska";"2015";5,8
"Detelja";"Zasavska";"2016";8
"Detelja";"Zasavska";"2017";4
"Detelja";"Zasavska";"2018";4,4
"Detelja";"Zasavska";"2019";4,1
"Detelja";"Posavska";"2010";7,6
"Detelja";"Posavska";"2011";6,7
"Detelja";"Posavska";"2012";6,1
"Detelja";"Posavska";"2013";5,6
"Detelja";"Posavska";"2014";7,2
"Detelja";"Posavska";"2015";7,8
"Detelja";"Posavska";"2016";8
"Detelja";"Posavska";"2017";5,1
"Detelja";"Posavska";"2018";7,6
"Detelja";"Posavska";"2019";9
"Detelja";"Jugovzhodna Slovenija";"2010";7,5
"Detelja";"Jugovzhodna Slovenija";"2011";8,4
"Detelja";"Jugovzhodna Slovenija";"2012";6,3
"Detelja";"Jugovzhodna Slovenija";"2013";6
"Detelja";"Jugovzhodna Slovenija";"2014";9,1
"Detelja";"Jugovzhodna Slovenija";"2015";9,4
"Detelja";"Jugovzhodna Slovenija";"2016";10,4
"Detelja";"Jugovzhodna Slovenija";"2017";6,7
"Detelja";"Jugovzhodna Slovenija";"2018";9,8
"Detelja";"Jugovzhodna Slovenija";"2019";8,8
"Detelja";"Osrednjeslovenska";"2010";6,5
"Detelja";"Osrednjeslovenska";"2011";6,7
"Detelja";"Osrednjeslovenska";"2012";5,7
"Detelja";"Osrednjeslovenska";"2013";5,7
"Detelja";"Osrednjeslovenska";"2014";6,1
"Detelja";"Osrednjeslovenska";"2015";6,6
"Detelja";"Osrednjeslovenska";"2016";6,5
"Detelja";"Osrednjeslovenska";"2017";5,8
"Detelja";"Osrednjeslovenska";"2018";6,5
"Detelja";"Osrednjeslovenska";"2019";6,9
"Detelja";"Gorenjska";"2010";7,5
"Detelja";"Gorenjska";"2011";7,3
"Detelja";"Gorenjska";"2012";7,8
"Detelja";"Gorenjska";"2013";5,8
"Detelja";"Gorenjska";"2014";8,2
"Detelja";"Gorenjska";"2015";7,9
"Detelja";"Gorenjska";"2016";8,5
"Detelja";"Gorenjska";"2017";8,2
"Detelja";"Gorenjska";"2018";8
"Detelja";"Gorenjska";"2019";7,9
"Detelja";"Primorsko-notranjska";"2010";5,1
"Detelja";"Primorsko-notranjska";"2011";5,5
"Detelja";"Primorsko-notranjska";"2012";4,4
"Detelja";"Primorsko-notranjska";"2013";4,5
"Detelja";"Primorsko-notranjska";"2014";5,7
"Detelja";"Primorsko-notranjska";"2015";5,6
"Detelja";"Primorsko-notranjska";"2016";5,6
"Detelja";"Primorsko-notranjska";"2017";4,5
"Detelja";"Primorsko-notranjska";"2018";6,1
"Detelja";"Primorsko-notranjska";"2019";5,7
"Detelja";"Goriška";"2010";9,6
"Detelja";"Goriška";"2011";9,8
"Detelja";"Goriška";"2012";5,4
"Detelja";"Goriška";"2013";7
"Detelja";"Goriška";"2014";9,3
"Detelja";"Goriška";"2015";8,4
"Detelja";"Goriška";"2016";7,6
"Detelja";"Goriška";"2017";6,6
"Detelja";"Goriška";"2018";8,9
"Detelja";"Goriška";"2019";6,6
"Detelja";"Obalno-kraška";"2010";5,5
"Detelja";"Obalno-kraška";"2011";5,2
"Detelja";"Obalno-kraška";"2012";2,2
"Detelja";"Obalno-kraška";"2013";3,6
"Detelja";"Obalno-kraška";"2014";5,6
"Detelja";"Obalno-kraška";"2015";4,7
"Detelja";"Obalno-kraška";"2016";4,6
"Detelja";"Obalno-kraška";"2017";3,9
"Detelja";"Obalno-kraška";"2018";5
"Detelja";"Obalno-kraška";"2019";5
"Lucerna";"Pomurska";"2010";8,9
"Lucerna";"Pomurska";"2011";9,2
"Lucerna";"Pomurska";"2012";7
"Lucerna";"Pomurska";"2013";6,9
"Lucerna";"Pomurska";"2014";8,8
"Lucerna";"Pomurska";"2015";7,5
"Lucerna";"Pomurska";"2016";8
"Lucerna";"Pomurska";"2017";6,5
"Lucerna";"Pomurska";"2018";8
"Lucerna";"Pomurska";"2019";6,8
"Lucerna";"Podravska";"2010";6,5
"Lucerna";"Podravska";"2011";5,9
"Lucerna";"Podravska";"2012";5,4
"Lucerna";"Podravska";"2013";4,5
"Lucerna";"Podravska";"2014";6,8
"Lucerna";"Podravska";"2015";7,4
"Lucerna";"Podravska";"2016";7,2
"Lucerna";"Podravska";"2017";6,2
"Lucerna";"Podravska";"2018";7,6
"Lucerna";"Podravska";"2019";7,6
"Lucerna";"Koroška";"2010";8,2
"Lucerna";"Koroška";"2011";8,2
"Lucerna";"Koroška";"2012";8
"Lucerna";"Koroška";"2013";6,6
"Lucerna";"Koroška";"2014";6,8
"Lucerna";"Koroška";"2015";6,9
"Lucerna";"Koroška";"2016";7,1
"Lucerna";"Koroška";"2017";6,9
"Lucerna";"Koroška";"2018";7,6
"Lucerna";"Koroška";"2019";7,7
"Lucerna";"Savinjska";"2010";8,8
"Lucerna";"Savinjska";"2011";8,8
"Lucerna";"Savinjska";"2012";7,5
"Lucerna";"Savinjska";"2013";6,5
"Lucerna";"Savinjska";"2014";8,4
"Lucerna";"Savinjska";"2015";9
"Lucerna";"Savinjska";"2016";9,2
"Lucerna";"Savinjska";"2017";8,1
"Lucerna";"Savinjska";"2018";9,7
"Lucerna";"Savinjska";"2019";9,5
"Lucerna";"Zasavska";"2010";8
"Lucerna";"Zasavska";"2011";8,3
"Lucerna";"Zasavska";"2012";6,5
"Lucerna";"Zasavska";"2013";4
"Lucerna";"Zasavska";"2014";5,2
"Lucerna";"Zasavska";"2015";6,3
"Lucerna";"Zasavska";"2016";8,6
"Lucerna";"Zasavska";"2017";4,2
"Lucerna";"Zasavska";"2018";4,5
"Lucerna";"Zasavska";"2019";4,5
"Lucerna";"Posavska";"2010";7,8
"Lucerna";"Posavska";"2011";7,4
"Lucerna";"Posavska";"2012";6,8
"Lucerna";"Posavska";"2013";6,4
"Lucerna";"Posavska";"2014";8,4
"Lucerna";"Posavska";"2015";8,6
"Lucerna";"Posavska";"2016";8,6
"Lucerna";"Posavska";"2017";5,5
"Lucerna";"Posavska";"2018";8,3
"Lucerna";"Posavska";"2019";8,8
"Lucerna";"Jugovzhodna Slovenija";"2010";8,3
"Lucerna";"Jugovzhodna Slovenija";"2011";8,9
"Lucerna";"Jugovzhodna Slovenija";"2012";6,1
"Lucerna";"Jugovzhodna Slovenija";"2013";5,8
"Lucerna";"Jugovzhodna Slovenija";"2014";9,1
"Lucerna";"Jugovzhodna Slovenija";"2015";9,2
"Lucerna";"Jugovzhodna Slovenija";"2016";10,4
"Lucerna";"Jugovzhodna Slovenija";"2017";6,7
"Lucerna";"Jugovzhodna Slovenija";"2018";9
"Lucerna";"Jugovzhodna Slovenija";"2019";9
"Lucerna";"Osrednjeslovenska";"2010";8,2
"Lucerna";"Osrednjeslovenska";"2011";8
"Lucerna";"Osrednjeslovenska";"2012";5,9
"Lucerna";"Osrednjeslovenska";"2013";6,4
"Lucerna";"Osrednjeslovenska";"2014";7,3
"Lucerna";"Osrednjeslovenska";"2015";6,5
"Lucerna";"Osrednjeslovenska";"2016";6,2
"Lucerna";"Osrednjeslovenska";"2017";5,5
"Lucerna";"Osrednjeslovenska";"2018";6,3
"Lucerna";"Osrednjeslovenska";"2019";7,6
"Lucerna";"Gorenjska";"2010";7,7
"Lucerna";"Gorenjska";"2011";7,7
"Lucerna";"Gorenjska";"2012";7,3
"Lucerna";"Gorenjska";"2013";5,9
"Lucerna";"Gorenjska";"2014";7,9
"Lucerna";"Gorenjska";"2015";6,9
"Lucerna";"Gorenjska";"2016";8,7
"Lucerna";"Gorenjska";"2017";8,5
"Lucerna";"Gorenjska";"2018";8,3
"Lucerna";"Gorenjska";"2019";8,2
"Lucerna";"Primorsko-notranjska";"2010";5,5
"Lucerna";"Primorsko-notranjska";"2011";6,1
"Lucerna";"Primorsko-notranjska";"2012";4,5
"Lucerna";"Primorsko-notranjska";"2013";4,9
"Lucerna";"Primorsko-notranjska";"2014";7,1
"Lucerna";"Primorsko-notranjska";"2015";7,2
"Lucerna";"Primorsko-notranjska";"2016";7,1
"Lucerna";"Primorsko-notranjska";"2017";5,7
"Lucerna";"Primorsko-notranjska";"2018";7
"Lucerna";"Primorsko-notranjska";"2019";6,3
"Lucerna";"Goriška";"2010";9,2
"Lucerna";"Goriška";"2011";7,7
"Lucerna";"Goriška";"2012";6,1
"Lucerna";"Goriška";"2013";8,2
"Lucerna";"Goriška";"2014";11,2
"Lucerna";"Goriška";"2015";10,2
"Lucerna";"Goriška";"2016";8,9
"Lucerna";"Goriška";"2017";7,9
"Lucerna";"Goriška";"2018";11,1
"Lucerna";"Goriška";"2019";6,9
"Lucerna";"Obalno-kraška";"2010";6,3
"Lucerna";"Obalno-kraška";"2011";6,2
"Lucerna";"Obalno-kraška";"2012";2,3
"Lucerna";"Obalno-kraška";"2013";4
"Lucerna";"Obalno-kraška";"2014";6
"Lucerna";"Obalno-kraška";"2015";5,3
"Lucerna";"Obalno-kraška";"2016";5,2
"Lucerna";"Obalno-kraška";"2017";4,5
"Lucerna";"Obalno-kraška";"2018";4,7
"Lucerna";"Obalno-kraška";"2019";5
"Trajni travniki";"Pomurska";"2010";6,8
"Trajni travniki";"Pomurska";"2011";7
"Trajni travniki";"Pomurska";"2012";5,2
"Trajni travniki";"Pomurska";"2013";5,3
"Trajni travniki";"Pomurska";"2014";7
"Trajni travniki";"Pomurska";"2015";5,5
"Trajni travniki";"Pomurska";"2016";6,1
"Trajni travniki";"Pomurska";"2017";4,6
"Trajni travniki";"Pomurska";"2018";6,1
"Trajni travniki";"Pomurska";"2019";5,5
"Trajni travniki";"Podravska";"2010";6,8
"Trajni travniki";"Podravska";"2011";6,6
"Trajni travniki";"Podravska";"2012";5,6
"Trajni travniki";"Podravska";"2013";4,1
"Trajni travniki";"Podravska";"2014";6,3
"Trajni travniki";"Podravska";"2015";6,6
"Trajni travniki";"Podravska";"2016";6,7
"Trajni travniki";"Podravska";"2017";4,8
"Trajni travniki";"Podravska";"2018";6,6
"Trajni travniki";"Podravska";"2019";6,5
"Trajni travniki";"Koroška";"2010";5,9
"Trajni travniki";"Koroška";"2011";5,9
"Trajni travniki";"Koroška";"2012";5,3
"Trajni travniki";"Koroška";"2013";3,9
"Trajni travniki";"Koroška";"2014";5,2
"Trajni travniki";"Koroška";"2015";5,3
"Trajni travniki";"Koroška";"2016";5,8
"Trajni travniki";"Koroška";"2017";5,6
"Trajni travniki";"Koroška";"2018";6
"Trajni travniki";"Koroška";"2019";6,4
"Trajni travniki";"Savinjska";"2010";6,7
"Trajni travniki";"Savinjska";"2011";6,3
"Trajni travniki";"Savinjska";"2012";5,1
"Trajni travniki";"Savinjska";"2013";4,2
"Trajni travniki";"Savinjska";"2014";6,5
"Trajni travniki";"Savinjska";"2015";6,6
"Trajni travniki";"Savinjska";"2016";6,9
"Trajni travniki";"Savinjska";"2017";4,7
"Trajni travniki";"Savinjska";"2018";6,6
"Trajni travniki";"Savinjska";"2019";6,7
"Trajni travniki";"Zasavska";"2010";4,5
"Trajni travniki";"Zasavska";"2011";4,6
"Trajni travniki";"Zasavska";"2012";3,7
"Trajni travniki";"Zasavska";"2013";3,6
"Trajni travniki";"Zasavska";"2014";3,9
"Trajni travniki";"Zasavska";"2015";4,2
"Trajni travniki";"Zasavska";"2016";4,3
"Trajni travniki";"Zasavska";"2017";3,1
"Trajni travniki";"Zasavska";"2018";3,5
"Trajni travniki";"Zasavska";"2019";3,7
"Trajni travniki";"Posavska";"2010";5,8
"Trajni travniki";"Posavska";"2011";5,6
"Trajni travniki";"Posavska";"2012";4,7
"Trajni travniki";"Posavska";"2013";4,7
"Trajni travniki";"Posavska";"2014";5,4
"Trajni travniki";"Posavska";"2015";6
"Trajni travniki";"Posavska";"2016";6,2
"Trajni travniki";"Posavska";"2017";3,3
"Trajni travniki";"Posavska";"2018";5,7
"Trajni travniki";"Posavska";"2019";6,3
"Trajni travniki";"Jugovzhodna Slovenija";"2010";5
"Trajni travniki";"Jugovzhodna Slovenija";"2011";5,1
"Trajni travniki";"Jugovzhodna Slovenija";"2012";3,9
"Trajni travniki";"Jugovzhodna Slovenija";"2013";3,8
"Trajni travniki";"Jugovzhodna Slovenija";"2014";6
"Trajni travniki";"Jugovzhodna Slovenija";"2015";6,7
"Trajni travniki";"Jugovzhodna Slovenija";"2016";6,6
"Trajni travniki";"Jugovzhodna Slovenija";"2017";3,6
"Trajni travniki";"Jugovzhodna Slovenija";"2018";6,6
"Trajni travniki";"Jugovzhodna Slovenija";"2019";6,2
"Trajni travniki";"Osrednjeslovenska";"2010";5,8
"Trajni travniki";"Osrednjeslovenska";"2011";5,4
"Trajni travniki";"Osrednjeslovenska";"2012";4,8
"Trajni travniki";"Osrednjeslovenska";"2013";4,5
"Trajni travniki";"Osrednjeslovenska";"2014";5,4
"Trajni travniki";"Osrednjeslovenska";"2015";5,9
"Trajni travniki";"Osrednjeslovenska";"2016";5,9
"Trajni travniki";"Osrednjeslovenska";"2017";4,8
"Trajni travniki";"Osrednjeslovenska";"2018";5,8
"Trajni travniki";"Osrednjeslovenska";"2019";6
"Trajni travniki";"Gorenjska";"2010";5,9
"Trajni travniki";"Gorenjska";"2011";5,6
"Trajni travniki";"Gorenjska";"2012";5
"Trajni travniki";"Gorenjska";"2013";4,4
"Trajni travniki";"Gorenjska";"2014";5,6
"Trajni travniki";"Gorenjska";"2015";5,9
"Trajni travniki";"Gorenjska";"2016";6
"Trajni travniki";"Gorenjska";"2017";5,8
"Trajni travniki";"Gorenjska";"2018";5,8
"Trajni travniki";"Gorenjska";"2019";5,8
"Trajni travniki";"Primorsko-notranjska";"2010";4,8
"Trajni travniki";"Primorsko-notranjska";"2011";4,7
"Trajni travniki";"Primorsko-notranjska";"2012";3,9
"Trajni travniki";"Primorsko-notranjska";"2013";4,4
"Trajni travniki";"Primorsko-notranjska";"2014";5,2
"Trajni travniki";"Primorsko-notranjska";"2015";5,2
"Trajni travniki";"Primorsko-notranjska";"2016";5,3
"Trajni travniki";"Primorsko-notranjska";"2017";4,1
"Trajni travniki";"Primorsko-notranjska";"2018";5,2
"Trajni travniki";"Primorsko-notranjska";"2019";5,4
"Trajni travniki";"Goriška";"2010";5,4
"Trajni travniki";"Goriška";"2011";5,2
"Trajni travniki";"Goriška";"2012";3,8
"Trajni travniki";"Goriška";"2013";4,5
"Trajni travniki";"Goriška";"2014";5,2
"Trajni travniki";"Goriška";"2015";5,1
"Trajni travniki";"Goriška";"2016";5,2
"Trajni travniki";"Goriška";"2017";4,4
"Trajni travniki";"Goriška";"2018";5,1
"Trajni travniki";"Goriška";"2019";4,5
"Trajni travniki";"Obalno-kraška";"2010";3,1
"Trajni travniki";"Obalno-kraška";"2011";2,8
"Trajni travniki";"Obalno-kraška";"2012";1,8
"Trajni travniki";"Obalno-kraška";"2013";2,8
"Trajni travniki";"Obalno-kraška";"2014";3,3
"Trajni travniki";"Obalno-kraška";"2015";3,1
"Trajni travniki";"Obalno-kraška";"2016";3,1
"Trajni travniki";"Obalno-kraška";"2017";2,3
"Trajni travniki";"Obalno-kraška";"2018";2,9
"Trajni travniki";"Obalno-kraška";"2019";2,8
"Zelje";"Pomurska";"2010";31,8
"Zelje";"Pomurska";"2011";38,1
"Zelje";"Pomurska";"2012";27,2
"Zelje";"Pomurska";"2013";22,4
"Zelje";"Pomurska";"2014";27,8
"Zelje";"Pomurska";"2015";31,3
"Zelje";"Pomurska";"2016";33
"Zelje";"Pomurska";"2017";25,8
"Zelje";"Pomurska";"2018";37,3
"Zelje";"Pomurska";"2019";34,2
"Zelje";"Podravska";"2010";28,6
"Zelje";"Podravska";"2011";28
"Zelje";"Podravska";"2012";24,8
"Zelje";"Podravska";"2013";22,8
"Zelje";"Podravska";"2014";24,6
"Zelje";"Podravska";"2015";27,4
"Zelje";"Podravska";"2016";29
"Zelje";"Podravska";"2017";27,9
"Zelje";"Podravska";"2018";33,1
"Zelje";"Podravska";"2019";34,7
"Zelje";"Koroška";"2010";25,5
"Zelje";"Koroška";"2011";23,7
"Zelje";"Koroška";"2012";30,2
"Zelje";"Koroška";"2013";20,5
"Zelje";"Koroška";"2014";20,4
"Zelje";"Koroška";"2015";20,5
"Zelje";"Koroška";"2016";21,3
"Zelje";"Koroška";"2017";23,3
"Zelje";"Koroška";"2018";23,7
"Zelje";"Koroška";"2019";25,8
"Zelje";"Savinjska";"2010";25,6
"Zelje";"Savinjska";"2011";29
"Zelje";"Savinjska";"2012";21
"Zelje";"Savinjska";"2013";17,8
"Zelje";"Savinjska";"2014";25,7
"Zelje";"Savinjska";"2015";29,2
"Zelje";"Savinjska";"2016";28
"Zelje";"Savinjska";"2017";23,4
"Zelje";"Savinjska";"2018";26,3
"Zelje";"Savinjska";"2019";21,3
"Zelje";"Zasavska";"2010";13
"Zelje";"Zasavska";"2011";12,9
"Zelje";"Zasavska";"2012";12,6
"Zelje";"Zasavska";"2013";13,5
"Zelje";"Zasavska";"2014";11,7
"Zelje";"Zasavska";"2015";15,1
"Zelje";"Zasavska";"2016";13,3
"Zelje";"Zasavska";"2017";12,7
"Zelje";"Zasavska";"2018";12,7
"Zelje";"Zasavska";"2019";15,2
"Zelje";"Posavska";"2010";40,2
"Zelje";"Posavska";"2011";35,5
"Zelje";"Posavska";"2012";29,1
"Zelje";"Posavska";"2013";25,8
"Zelje";"Posavska";"2014";27,4
"Zelje";"Posavska";"2015";29,6
"Zelje";"Posavska";"2016";27,3
"Zelje";"Posavska";"2017";24,5
"Zelje";"Posavska";"2018";26,7
"Zelje";"Posavska";"2019";26,8
"Zelje";"Jugovzhodna Slovenija";"2010";27,8
"Zelje";"Jugovzhodna Slovenija";"2011";26,3
"Zelje";"Jugovzhodna Slovenija";"2012";15,2
"Zelje";"Jugovzhodna Slovenija";"2013";19,2
"Zelje";"Jugovzhodna Slovenija";"2014";25,9
"Zelje";"Jugovzhodna Slovenija";"2015";26,6
"Zelje";"Jugovzhodna Slovenija";"2016";29,6
"Zelje";"Jugovzhodna Slovenija";"2017";18,5
"Zelje";"Jugovzhodna Slovenija";"2018";29,9
"Zelje";"Jugovzhodna Slovenija";"2019";25,1
"Zelje";"Osrednjeslovenska";"2010";46,2
"Zelje";"Osrednjeslovenska";"2011";48,4
"Zelje";"Osrednjeslovenska";"2012";40,3
"Zelje";"Osrednjeslovenska";"2013";42,1
"Zelje";"Osrednjeslovenska";"2014";42,7
"Zelje";"Osrednjeslovenska";"2015";46,1
"Zelje";"Osrednjeslovenska";"2016";40,5
"Zelje";"Osrednjeslovenska";"2017";37,4
"Zelje";"Osrednjeslovenska";"2018";36,5
"Zelje";"Osrednjeslovenska";"2019";35,2
"Zelje";"Gorenjska";"2010";51,2
"Zelje";"Gorenjska";"2011";35,9
"Zelje";"Gorenjska";"2012";44,4
"Zelje";"Gorenjska";"2013";29
"Zelje";"Gorenjska";"2014";48,3
"Zelje";"Gorenjska";"2015";49,4
"Zelje";"Gorenjska";"2016";52,5
"Zelje";"Gorenjska";"2017";52
"Zelje";"Gorenjska";"2018";49,5
"Zelje";"Gorenjska";"2019";46
"Zelje";"Primorsko-notranjska";"2010";40,9
"Zelje";"Primorsko-notranjska";"2011";38,1
"Zelje";"Primorsko-notranjska";"2012";24,9
"Zelje";"Primorsko-notranjska";"2013";25,3
"Zelje";"Primorsko-notranjska";"2014";31,6
"Zelje";"Primorsko-notranjska";"2015";31,5
"Zelje";"Primorsko-notranjska";"2016";33,3
"Zelje";"Primorsko-notranjska";"2017";28,2
"Zelje";"Primorsko-notranjska";"2018";34,7
"Zelje";"Primorsko-notranjska";"2019";39
"Zelje";"Goriška";"2010";17,2
"Zelje";"Goriška";"2011";18,2
"Zelje";"Goriška";"2012";10
"Zelje";"Goriška";"2013";9,4
"Zelje";"Goriška";"2014";24
"Zelje";"Goriška";"2015";24,7
"Zelje";"Goriška";"2016";24,5
"Zelje";"Goriška";"2017";21,5
"Zelje";"Goriška";"2018";20,7
"Zelje";"Goriška";"2019";20,9
"Zelje";"Obalno-kraška";"2010";25,3
"Zelje";"Obalno-kraška";"2011";20,8
"Zelje";"Obalno-kraška";"2012";11,6
"Zelje";"Obalno-kraška";"2013";12,3
"Zelje";"Obalno-kraška";"2014";21
"Zelje";"Obalno-kraška";"2015";22,2
"Zelje";"Obalno-kraška";"2016";24
"Zelje";"Obalno-kraška";"2017";22,7
"Zelje";"Obalno-kraška";"2018";28
"Zelje";"Obalno-kraška";"2019";27,5
"Grozdje";"Pomurska";"2010";7,1
"Grozdje";"Pomurska";"2011";10
"Grozdje";"Pomurska";"2012";7,6
"Grozdje";"Pomurska";"2013";6,9
"Grozdje";"Pomurska";"2014";5,8
"Grozdje";"Pomurska";"2015";7,6
"Grozdje";"Pomurska";"2016";5,4
"Grozdje";"Pomurska";"2017";6,2
"Grozdje";"Pomurska";"2018";7,1
"Grozdje";"Pomurska";"2019";7
"Grozdje";"Podravska";"2010";5,5
"Grozdje";"Podravska";"2011";7,1
"Grozdje";"Podravska";"2012";6,2
"Grozdje";"Podravska";"2013";6,2
"Grozdje";"Podravska";"2014";5,7
"Grozdje";"Podravska";"2015";7,7
"Grozdje";"Podravska";"2016";6,2
"Grozdje";"Podravska";"2017";5,9
"Grozdje";"Podravska";"2018";7,7
"Grozdje";"Podravska";"2019";7,6
"Grozdje";"Koroška";"2010";6,5
"Grozdje";"Koroška";"2011";7,1
"Grozdje";"Koroška";"2012";5,4
"Grozdje";"Koroška";"2013";6,4
"Grozdje";"Koroška";"2014";6,2
"Grozdje";"Koroška";"2015";7,5
"Grozdje";"Koroška";"2016";5,9
"Grozdje";"Koroška";"2017";5,7
"Grozdje";"Koroška";"2018";8
"Grozdje";"Koroška";"2019";6,8
"Grozdje";"Savinjska";"2010";7,2
"Grozdje";"Savinjska";"2011";6,4
"Grozdje";"Savinjska";"2012";6,9
"Grozdje";"Savinjska";"2013";5,6
"Grozdje";"Savinjska";"2014";6
"Grozdje";"Savinjska";"2015";7,4
"Grozdje";"Savinjska";"2016";4,6
"Grozdje";"Savinjska";"2017";3,2
"Grozdje";"Savinjska";"2018";8,3
"Grozdje";"Savinjska";"2019";6,7
"Grozdje";"Zasavska";"2010";6,1
"Grozdje";"Zasavska";"2011";6,5
"Grozdje";"Zasavska";"2012";4,9
"Grozdje";"Zasavska";"2013";6,4
"Grozdje";"Zasavska";"2014";6,2
"Grozdje";"Zasavska";"2015";5,1
"Grozdje";"Zasavska";"2016";4,8
"Grozdje";"Zasavska";"2017";5,5
"Grozdje";"Zasavska";"2018";4,6
"Grozdje";"Zasavska";"2019";4,2
"Grozdje";"Posavska";"2010";6,5
"Grozdje";"Posavska";"2011";6,5
"Grozdje";"Posavska";"2012";6,4
"Grozdje";"Posavska";"2013";7,1
"Grozdje";"Posavska";"2014";5,3
"Grozdje";"Posavska";"2015";7,8
"Grozdje";"Posavska";"2016";7,3
"Grozdje";"Posavska";"2017";5,1
"Grozdje";"Posavska";"2018";9,6
"Grozdje";"Posavska";"2019";7,3
"Grozdje";"Jugovzhodna Slovenija";"2010";9,2
"Grozdje";"Jugovzhodna Slovenija";"2011";10,5
"Grozdje";"Jugovzhodna Slovenija";"2012";7,3
"Grozdje";"Jugovzhodna Slovenija";"2013";5,9
"Grozdje";"Jugovzhodna Slovenija";"2014";5
"Grozdje";"Jugovzhodna Slovenija";"2015";6,9
"Grozdje";"Jugovzhodna Slovenija";"2016";6,6
"Grozdje";"Jugovzhodna Slovenija";"2017";5,4
"Grozdje";"Jugovzhodna Slovenija";"2018";8,5
"Grozdje";"Jugovzhodna Slovenija";"2019";7,1
"Grozdje";"Osrednjeslovenska";"2010";5,9
"Grozdje";"Osrednjeslovenska";"2011";7,2
"Grozdje";"Osrednjeslovenska";"2012";4,8
"Grozdje";"Osrednjeslovenska";"2013";5,4
"Grozdje";"Osrednjeslovenska";"2014";4,5
"Grozdje";"Osrednjeslovenska";"2015";7,1
"Grozdje";"Osrednjeslovenska";"2016";3,1
"Grozdje";"Osrednjeslovenska";"2017";6,2
"Grozdje";"Osrednjeslovenska";"2018";8
"Grozdje";"Osrednjeslovenska";"2019";6,5
"Grozdje";"Gorenjska";"2010";7,4
"Grozdje";"Gorenjska";"2011";7,9
"Grozdje";"Gorenjska";"2012";5,9
"Grozdje";"Gorenjska";"2013";6,3
"Grozdje";"Gorenjska";"2014";6,1
"Grozdje";"Gorenjska";"2015";7,4
"Grozdje";"Gorenjska";"2016";6,1
"Grozdje";"Gorenjska";"2017";5,5
"Grozdje";"Gorenjska";"2018";8,2
"Grozdje";"Gorenjska";"2019";6,7
"Grozdje";"Primorsko-notranjska";"2010";5,8
"Grozdje";"Primorsko-notranjska";"2011";6,3
"Grozdje";"Primorsko-notranjska";"2012";4,7
"Grozdje";"Primorsko-notranjska";"2013";6,4
"Grozdje";"Primorsko-notranjska";"2014";6,2
"Grozdje";"Primorsko-notranjska";"2015";7,5
"Grozdje";"Primorsko-notranjska";"2016";6
"Grozdje";"Primorsko-notranjska";"2017";5,6
"Grozdje";"Primorsko-notranjska";"2018";8,1
"Grozdje";"Primorsko-notranjska";"2019";6,7
"Grozdje";"Goriška";"2010";7,2
"Grozdje";"Goriška";"2011";7,3
"Grozdje";"Goriška";"2012";4,3
"Grozdje";"Goriška";"2013";5,6
"Grozdje";"Goriška";"2014";6,7
"Grozdje";"Goriška";"2015";7,6
"Grozdje";"Goriška";"2016";5,9
"Grozdje";"Goriška";"2017";6,7
"Grozdje";"Goriška";"2018";8,7
"Grozdje";"Goriška";"2019";6
"Grozdje";"Obalno-kraška";"2010";5,8
"Grozdje";"Obalno-kraška";"2011";5,8
"Grozdje";"Obalno-kraška";"2012";3,8
"Grozdje";"Obalno-kraška";"2013";6,6
"Grozdje";"Obalno-kraška";"2014";5,6
"Grozdje";"Obalno-kraška";"2015";7
"Grozdje";"Obalno-kraška";"2016";5,4
"Grozdje";"Obalno-kraška";"2017";4,4
"Grozdje";"Obalno-kraška";"2018";7,2
"Grozdje";"Obalno-kraška";"2019";5,9
"Jabolka";"Pomurska";"2010";30,3
"Jabolka";"Pomurska";"2011";29,3
"Jabolka";"Pomurska";"2012";20,3
"Jabolka";"Pomurska";"2013";22,5
"Jabolka";"Pomurska";"2014";25,2
"Jabolka";"Pomurska";"2015";37,1
"Jabolka";"Pomurska";"2016";11,3
"Jabolka";"Pomurska";"2017";5,5
"Jabolka";"Pomurska";"2018";33,4
"Jabolka";"Pomurska";"2019";29,8
"Jabolka";"Podravska";"2010";24,8
"Jabolka";"Podravska";"2011";28,8
"Jabolka";"Podravska";"2012";19,2
"Jabolka";"Podravska";"2013";23,8
"Jabolka";"Podravska";"2014";25,8
"Jabolka";"Podravska";"2015";32,1
"Jabolka";"Podravska";"2016";15
"Jabolka";"Podravska";"2017";7
"Jabolka";"Podravska";"2018";32,8
"Jabolka";"Podravska";"2019";22
"Jabolka";"Koroška";"2010";15
"Jabolka";"Koroška";"2011";23
"Jabolka";"Koroška";"2012";20
"Jabolka";"Koroška";"2013";25,8
"Jabolka";"Koroška";"2014";10
"Jabolka";"Koroška";"2015";15
"Jabolka";"Koroška";"2016";5
"Jabolka";"Koroška";"2017";5,3
"Jabolka";"Koroška";"2018";37,7
"Jabolka";"Koroška";"2019";0,5
"Jabolka";"Savinjska";"2010";29,6
"Jabolka";"Savinjska";"2011";26
"Jabolka";"Savinjska";"2012";17,4
"Jabolka";"Savinjska";"2013";25,3
"Jabolka";"Savinjska";"2014";29,1
"Jabolka";"Savinjska";"2015";39,9
"Jabolka";"Savinjska";"2016";5
"Jabolka";"Savinjska";"2017";4,7
"Jabolka";"Savinjska";"2018";45,2
"Jabolka";"Savinjska";"2019";29,1
"Jabolka";"Zasavska";"2010";30
"Jabolka";"Zasavska";"2011";30
"Jabolka";"Zasavska";"2012";20
"Jabolka";"Zasavska";"2013";25,8
"Jabolka";"Zasavska";"2014";30
"Jabolka";"Zasavska";"2015";26,3
"Jabolka";"Zasavska";"2016";30
"Jabolka";"Zasavska";"2017";5,3
"Jabolka";"Zasavska";"2018";34,2
"Jabolka";"Zasavska";"2019";22,6
"Jabolka";"Posavska";"2010";31,8
"Jabolka";"Posavska";"2011";35,7
"Jabolka";"Posavska";"2012";25,7
"Jabolka";"Posavska";"2013";36,5
"Jabolka";"Posavska";"2014";31,2
"Jabolka";"Posavska";"2015";32,9
"Jabolka";"Posavska";"2016";27,1
"Jabolka";"Posavska";"2017";3,1
"Jabolka";"Posavska";"2018";38,2
"Jabolka";"Posavska";"2019";23,5
"Jabolka";"Jugovzhodna Slovenija";"2010";15,2
"Jabolka";"Jugovzhodna Slovenija";"2011";12,2
"Jabolka";"Jugovzhodna Slovenija";"2012";14,6
"Jabolka";"Jugovzhodna Slovenija";"2013";9,9
"Jabolka";"Jugovzhodna Slovenija";"2014";23,5
"Jabolka";"Jugovzhodna Slovenija";"2015";33,6
"Jabolka";"Jugovzhodna Slovenija";"2016";29,6
"Jabolka";"Jugovzhodna Slovenija";"2017";4,1
"Jabolka";"Jugovzhodna Slovenija";"2018";52,3
"Jabolka";"Jugovzhodna Slovenija";"2019";18,7
"Jabolka";"Osrednjeslovenska";"2010";29,7
"Jabolka";"Osrednjeslovenska";"2011";34
"Jabolka";"Osrednjeslovenska";"2012";23,3
"Jabolka";"Osrednjeslovenska";"2013";25,1
"Jabolka";"Osrednjeslovenska";"2014";28,8
"Jabolka";"Osrednjeslovenska";"2015";33,6
"Jabolka";"Osrednjeslovenska";"2016";28,2
"Jabolka";"Osrednjeslovenska";"2017";14,8
"Jabolka";"Osrednjeslovenska";"2018";38,6
"Jabolka";"Osrednjeslovenska";"2019";23,7
"Jabolka";"Gorenjska";"2010";25,7
"Jabolka";"Gorenjska";"2011";23,2
"Jabolka";"Gorenjska";"2012";17,2
"Jabolka";"Gorenjska";"2013";21,7
"Jabolka";"Gorenjska";"2014";25,8
"Jabolka";"Gorenjska";"2015";29,5
"Jabolka";"Gorenjska";"2016";25,8
"Jabolka";"Gorenjska";"2017";9,5
"Jabolka";"Gorenjska";"2018";32,2
"Jabolka";"Gorenjska";"2019";10,6
"Jabolka";"Primorsko-notranjska";"2010";28
"Jabolka";"Primorsko-notranjska";"2011";30
"Jabolka";"Primorsko-notranjska";"2012";20,5
"Jabolka";"Primorsko-notranjska";"2013";29,1
"Jabolka";"Primorsko-notranjska";"2014";36,8
"Jabolka";"Primorsko-notranjska";"2015";31,5
"Jabolka";"Primorsko-notranjska";"2016";29,5
"Jabolka";"Primorsko-notranjska";"2017";6,7
"Jabolka";"Primorsko-notranjska";"2018";35,4
"Jabolka";"Primorsko-notranjska";"2019";23,7
"Jabolka";"Goriška";"2010";26,9
"Jabolka";"Goriška";"2011";27,9
"Jabolka";"Goriška";"2012";20,7
"Jabolka";"Goriška";"2013";19,4
"Jabolka";"Goriška";"2014";27,7
"Jabolka";"Goriška";"2015";30,1
"Jabolka";"Goriška";"2016";29,7
"Jabolka";"Goriška";"2017";6,8
"Jabolka";"Goriška";"2018";30,7
"Jabolka";"Goriška";"2019";20,3
"Jabolka";"Obalno-kraška";"2010";29,7
"Jabolka";"Obalno-kraška";"2011";34,1
"Jabolka";"Obalno-kraška";"2012";5,6
"Jabolka";"Obalno-kraška";"2013";23,4
"Jabolka";"Obalno-kraška";"2014";30,6
"Jabolka";"Obalno-kraška";"2015";34
"Jabolka";"Obalno-kraška";"2016";25,9
"Jabolka";"Obalno-kraška";"2017";8,5
"Jabolka";"Obalno-kraška";"2018";41,2
"Jabolka";"Obalno-kraška";"2019";23,8
"Oljke";"Goriška";"2010";2,4
"Oljke";"Goriška";"2011";1,6
"Oljke";"Goriška";"2012";0,9
"Oljke";"Goriška";"2013";1,3
"Oljke";"Goriška";"2014";1,1
"Oljke";"Goriška";"2015";1,1
"Oljke";"Goriška";"2016";2,1
"Oljke";"Goriška";"2017";2
"Oljke";"Goriška";"2018";3,9
"Oljke";"Goriška";"2019";0,8
"Oljke";"Obalno-kraška";"2010";2,1
"Oljke";"Obalno-kraška";"2011";1,9
"Oljke";"Obalno-kraška";"2012";0,8
"Oljke";"Obalno-kraška";"2013";1,6
"Oljke";"Obalno-kraška";"2014";0,8
"Oljke";"Obalno-kraška";"2015";1,5
"Oljke";"Obalno-kraška";"2016";1,3
"Oljke";"Obalno-kraška";"2017";1,3
"Oljke";"Obalno-kraška";"2018";2,9
"Oljke";"Obalno-kraška";"2019";1,5
"Breskve";"Pomurska";"2010";10
"Breskve";"Pomurska";"2011";16,7
"Breskve";"Pomurska";"2012";10,9
"Breskve";"Pomurska";"2013";12,3
"Breskve";"Pomurska";"2014";10,8
"Breskve";"Pomurska";"2015";12,6
"Breskve";"Pomurska";"2016";4,4
"Breskve";"Pomurska";"2017";0,6
"Breskve";"Pomurska";"2018";9,9
"Breskve";"Pomurska";"2019";9,6
"Breskve";"Podravska";"2010";10,1
"Breskve";"Podravska";"2011";11,6
"Breskve";"Podravska";"2012";9,4
"Breskve";"Podravska";"2013";8,8
"Breskve";"Podravska";"2014";8,7
"Breskve";"Podravska";"2015";13,2
"Breskve";"Podravska";"2016";6,5
"Breskve";"Podravska";"2017";4,6
"Breskve";"Podravska";"2018";17,4
"Breskve";"Podravska";"2019";9,1
"Breskve";"Koroška";"2015";17,7
"Breskve";"Koroška";"2016";16,2
"Breskve";"Koroška";"2017";9,2
"Breskve";"Koroška";"2018";17
"Breskve";"Koroška";"2019";15,4
"Breskve";"Savinjska";"2010";19,3
"Breskve";"Savinjska";"2011";21,7
"Breskve";"Savinjska";"2012";19
"Breskve";"Savinjska";"2013";13,2
"Breskve";"Savinjska";"2014";18,2
"Breskve";"Savinjska";"2015";16,1
"Breskve";"Savinjska";"2016";12,8
"Breskve";"Savinjska";"2017";6,3
"Breskve";"Savinjska";"2018";12,2
"Breskve";"Savinjska";"2019";14,4
"Breskve";"Zasavska";"2010";16,3
"Breskve";"Zasavska";"2011";16,5
"Breskve";"Zasavska";"2012";13,6
"Breskve";"Zasavska";"2013";14,5
"Breskve";"Zasavska";"2014";11,9
"Breskve";"Zasavska";"2015";17,7
"Breskve";"Zasavska";"2016";16,2
"Breskve";"Zasavska";"2017";9,2
"Breskve";"Zasavska";"2018";17
"Breskve";"Zasavska";"2019";15,4
"Breskve";"Posavska";"2010";13,2
"Breskve";"Posavska";"2011";12,9
"Breskve";"Posavska";"2012";18
"Breskve";"Posavska";"2013";13,2
"Breskve";"Posavska";"2014";10,1
"Breskve";"Posavska";"2015";13,4
"Breskve";"Posavska";"2016";11,9
"Breskve";"Posavska";"2017";2,8
"Breskve";"Posavska";"2018";13,9
"Breskve";"Posavska";"2019";12,5
"Breskve";"Jugovzhodna Slovenija";"2010";18,5
"Breskve";"Jugovzhodna Slovenija";"2011";17,7
"Breskve";"Jugovzhodna Slovenija";"2012";13,1
"Breskve";"Jugovzhodna Slovenija";"2013";15
"Breskve";"Jugovzhodna Slovenija";"2014";20,1
"Breskve";"Jugovzhodna Slovenija";"2015";17,2
"Breskve";"Jugovzhodna Slovenija";"2016";10,1
"Breskve";"Jugovzhodna Slovenija";"2017";3,6
"Breskve";"Jugovzhodna Slovenija";"2018";8,5
"Breskve";"Jugovzhodna Slovenija";"2019";15,3
"Breskve";"Osrednjeslovenska";"2010";16,3
"Breskve";"Osrednjeslovenska";"2011";12,3
"Breskve";"Osrednjeslovenska";"2012";10
"Breskve";"Osrednjeslovenska";"2013";10
"Breskve";"Osrednjeslovenska";"2014";11,9
"Breskve";"Osrednjeslovenska";"2015";17,7
"Breskve";"Osrednjeslovenska";"2016";16,2
"Breskve";"Osrednjeslovenska";"2017";8
"Breskve";"Osrednjeslovenska";"2018";17
"Breskve";"Osrednjeslovenska";"2019";15,4
"Breskve";"Gorenjska";"2010";16,3
"Breskve";"Gorenjska";"2011";16,5
"Breskve";"Gorenjska";"2012";10
"Breskve";"Gorenjska";"2013";14,5
"Breskve";"Gorenjska";"2014";11,9
"Breskve";"Primorsko-notranjska";"2015";17,7
"Breskve";"Primorsko-notranjska";"2016";16,2
"Breskve";"Primorsko-notranjska";"2017";9,2
"Breskve";"Primorsko-notranjska";"2018";17
"Breskve";"Primorsko-notranjska";"2019";15,4
"Breskve";"Goriška";"2010";17,3
"Breskve";"Goriška";"2011";17,6
"Breskve";"Goriška";"2012";14,3
"Breskve";"Goriška";"2013";16,2
"Breskve";"Goriška";"2014";12,4
"Breskve";"Goriška";"2015";19,6
"Breskve";"Goriška";"2016";18,6
"Breskve";"Goriška";"2017";9,8
"Breskve";"Goriška";"2018";18,6
"Breskve";"Goriška";"2019";17,1
"Breskve";"Obalno-kraška";"2010";12,9
"Breskve";"Obalno-kraška";"2011";13,5
"Breskve";"Obalno-kraška";"2012";8,3
"Breskve";"Obalno-kraška";"2013";7,5
"Breskve";"Obalno-kraška";"2014";8,7
"Breskve";"Obalno-kraška";"2015";14,3
"Breskve";"Obalno-kraška";"2016";14,3
"Breskve";"Obalno-kraška";"2017";15,1
"Breskve";"Obalno-kraška";"2018";15
"Breskve";"Obalno-kraška";"2019";14
